product_id,title,variant_id,sku,price,weight,width,height,length
7475198918739,All Over Lace Lift Up Bra Bisou,42309628690515,BRA030BI30A,68.0,0.0,0.0,0.0,0.0
7475198918739,All Over Lace Lift Up Bra Bisou,42309628723283,BRA030BI30B,68.0,0.0,0.0,0.0,0.0
7475198918739,All Over Lace Lift Up Bra Bisou,42309628756051,BRA030BI32A,68.0,0.0,0.0,0.0,0.0
7475198918739,All Over Lace Lift Up Bra Bisou,42309628788819,BRA030BI32AA,68.0,0.0,0.0,0.0,0.0
7475198918739,All Over Lace Lift Up Bra Bisou,42309628821587,BRA030BI32B,68.0,0.0,0.0,0.0,0.0
7475198918739,All Over Lace Lift Up Bra Bisou,42309628854355,BRA030BI34A,68.0,0.0,0.0,0.0,0.0
7475198918739,All Over Lace Lift Up Bra Bisou,42309628887123,BRA030BI34AA,68.0,0.0,0.0,0.0,0.0
7475198918739,All Over Lace Lift Up Bra Bisou,42309628919891,BRA030BI34B,68.0,0.0,0.0,0.0,0.0
7475198918739,All Over Lace Lift Up Bra Bisou,42309628952659,BRA030BI36A,68.0,0.0,0.0,0.0,0.0
7475198918739,All Over Lace Lift Up Bra Bisou,42309628985427,BRA030BI36AA,68.0,0.0,0.0,0.0,0.0
7475198918739,All Over Lace Lift Up Bra Bisou,42309629018195,BRA030BI36B,68.0,0.0,0.0,0.0,0.0
7475198918739,All Over Lace Lift Up Bra Bisou,42309629050963,BRA030BI38A,68.0,0.0,0.0,0.0,0.0
7475198918739,All Over Lace Lift Up Bra Bisou,42309629083731,BRA030BI38AA,68.0,0.0,0.0,0.0,0.0
7475198918739,All Over Lace Lift Up Bra Bisou,42309629116499,BRA030BI38B,68.0,0.0,0.0,0.0,0.0
7475198918739,All Over Lace Lift Up Bra Bisou,42309629149267,BRA030BI40A,68.0,0.0,0.0,0.0,0.0
7475198918739,All Over Lace Lift Up Bra Bisou,42309629182035,BRA030BI40AA,68.0,0.0,0.0,0.0,0.0
7475198918739,All Over Lace Lift Up Bra Bisou,42309629214803,BRA030BI40B,68.0,0.0,0.0,0.0,0.0
7475198918739,All Over Lace Lift Up Bra Bisou,42309629247571,BRA030BI42A,68.0,0.0,0.0,0.0,0.0
7478902620243,Supima® Cotton Lift Up Bra Flora,42323167084627,BRA028FO30A,55.0,0.0,0.0,0.0,0.0
7478902620243,Supima® Cotton Lift Up Bra Flora,42323167117395,BRA028FO30B,55.0,0.0,0.0,0.0,0.0
7478902620243,Supima® Cotton Lift Up Bra Flora,42323167150163,BRA028FO32AA,55.0,0.0,0.0,0.0,0.0
7478902620243,Supima® Cotton Lift Up Bra Flora,42323167182931,BRA028FO32A,55.0,0.0,0.0,0.0,0.0
7478902620243,Supima® Cotton Lift Up Bra Flora,42323167215699,BRA028FO32B,55.0,0.0,0.0,0.0,0.0
7478902620243,Supima® Cotton Lift Up Bra Flora,42323167248467,BRA028FO34A,55.0,0.0,0.0,0.0,0.0
7478902620243,Supima® Cotton Lift Up Bra Flora,42323167281235,BRA028FO34AA,55.0,0.0,0.0,0.0,0.0
7478902620243,Supima® Cotton Lift Up Bra Flora,42323167314003,BRA028FO34B,55.0,0.0,0.0,0.0,0.0
7478902620243,Supima® Cotton Lift Up Bra Flora,42323167346771,BRA028FO36AA,55.0,0.0,0.0,0.0,0.0
7478902620243,Supima® Cotton Lift Up Bra Flora,42323167379539,BRA028FO36A,55.0,0.0,0.0,0.0,0.0
7478902620243,Supima® Cotton Lift Up Bra Flora,42323167412307,BRA028FO36B,55.0,0.0,0.0,0.0,0.0
7478902620243,Supima® Cotton Lift Up Bra Flora,42323167445075,BRA028FO38AA,55.0,0.0,0.0,0.0,0.0
7478902620243,Supima® Cotton Lift Up Bra Flora,42323167477843,BRA028FO38A,55.0,0.0,0.0,0.0,0.0
7478902620243,Supima® Cotton Lift Up Bra Flora,42323167510611,BRA028FO38B,55.0,0.0,0.0,0.0,0.0
7478902620243,Supima® Cotton Lift Up Bra Flora,42323167543379,BRA028FO40AA,55.0,0.0,0.0,0.0,0.0
7478902620243,Supima® Cotton Lift Up Bra Flora,42323167576147,BRA028FO40A,55.0,0.0,0.0,0.0,0.0
7478902620243,Supima® Cotton Lift Up Bra Flora,42323167608915,BRA028FO40B,55.0,0.0,0.0,0.0,0.0
7478902620243,Supima® Cotton Lift Up Bra Flora,42323167641683,BRA028FO42A,55.0,0.0,0.0,0.0,0.0
6789832998995,Lift Up Bra Buff,40047345434707,LUB01BU30A,65.0,0.0,0.0,0.0,0.0
6789832998995,Lift Up Bra Buff,40047345467475,LUB01BU30B,65.0,0.0,0.0,0.0,0.0
6789832998995,Lift Up Bra Buff,40047345500243,LUB01BU32AA,65.0,0.0,0.0,0.0,0.0
6789832998995,Lift Up Bra Buff,40047345533011,LUB01BU32A,65.0,0.0,0.0,0.0,0.0
6789832998995,Lift Up Bra Buff,40047345565779,LUB01BU32B,65.0,0.0,0.0,0.0,0.0
6789832998995,Lift Up Bra Buff,40047345598547,LUB01BU34AA,65.0,0.0,0.0,0.0,0.0
6789832998995,Lift Up Bra Buff,40047345631315,LUB01BU34A,65.0,0.0,0.0,0.0,0.0
6789832998995,Lift Up Bra Buff,40047345664083,LUB01BU34B,65.0,0.0,0.0,0.0,0.0
6789832998995,Lift Up Bra Buff,40047345696851,LUB01BU36AA,65.0,0.0,0.0,0.0,0.0
6789832998995,Lift Up Bra Buff,40047345729619,LUB01BU36A,65.0,0.0,0.0,0.0,0.0
6789832998995,Lift Up Bra Buff,40047345762387,LUB01BU36B,65.0,0.0,0.0,0.0,0.0
6789832998995,Lift Up Bra Buff,40047345795155,LUB01BU38AA,65.0,0.0,0.0,0.0,0.0
6789832998995,Lift Up Bra Buff,40047345827923,LUB01BU38A,65.0,0.0,0.0,0.0,0.0
6789832998995,Lift Up Bra Buff,40047345860691,LUB01BU38B,65.0,0.0,0.0,0.0,0.0
6789832998995,Lift Up Bra Buff,40047345926227,LUB01BU40AA,65.0,0.0,0.0,0.0,0.0
6789832998995,Lift Up Bra Buff,40047345893459,LUB01BU40A,65.0,0.0,0.0,0.0,0.0
6789832998995,Lift Up Bra Buff,41132507005011,LUB01BU40B,65.0,0.0,0.0,0.0,0.0
6789832998995,Lift Up Bra Buff,41890909454419,LUB01BU42A,65.0,0.0,0.0,0.0,0.0
7135021924435,Zero-G Wirefree Lift Up Bra Sand,41303038853203,ZGW01SD30A,65.0,0.0,0.0,0.0,0.0
7135021924435,Zero-G Wirefree Lift Up Bra Sand,41778056953939,BRA035SD30A,65.0,0.0,0.0,0.0,0.0
7135021924435,Zero-G Wirefree Lift Up Bra Sand,41303038885971,ZGW01SD30B,65.0,0.0,0.0,0.0,0.0
7135021924435,Zero-G Wirefree Lift Up Bra Sand,41778056986707,BRA035SD30B,65.0,0.0,0.0,0.0,0.0
7135021924435,Zero-G Wirefree Lift Up Bra Sand,41303038918739,ZGW01SD32A,65.0,0.0,0.0,0.0,0.0
7135021924435,Zero-G Wirefree Lift Up Bra Sand,41778057019475,BRA035SD32A,65.0,0.0,0.0,0.0,0.0
7135021924435,Zero-G Wirefree Lift Up Bra Sand,41303038951507,ZGW01SD32AA,65.0,0.0,0.0,0.0,0.0
7135021924435,Zero-G Wirefree Lift Up Bra Sand,41778057052243,BRA035SD32AA,65.0,0.0,0.0,0.0,0.0
7135021924435,Zero-G Wirefree Lift Up Bra Sand,41303038984275,ZGW01SD32B,65.0,0.0,0.0,0.0,0.0
7135021924435,Zero-G Wirefree Lift Up Bra Sand,41778057085011,BRA035SD32B,65.0,0.0,0.0,0.0,0.0
7135021924435,Zero-G Wirefree Lift Up Bra Sand,41303039017043,ZGW01SD34A,65.0,0.0,0.0,0.0,0.0
7135021924435,Zero-G Wirefree Lift Up Bra Sand,41778057117779,BRA035SD34A,65.0,0.0,0.0,0.0,0.0
7135021924435,Zero-G Wirefree Lift Up Bra Sand,41303039082579,ZGW01SD34AA,65.0,0.0,0.0,0.0,0.0
7135021924435,Zero-G Wirefree Lift Up Bra Sand,41778057150547,BRA035SD34AA,65.0,0.0,0.0,0.0,0.0
7135021924435,Zero-G Wirefree Lift Up Bra Sand,41303039115347,ZGW01SD34B,65.0,0.0,0.0,0.0,0.0
7135021924435,Zero-G Wirefree Lift Up Bra Sand,41778057183315,BRA035SD34B,65.0,0.0,0.0,0.0,0.0
7135021924435,Zero-G Wirefree Lift Up Bra Sand,41303039148115,ZGW01SD36A,65.0,0.0,0.0,0.0,0.0
7135021924435,Zero-G Wirefree Lift Up Bra Sand,41778057216083,BRA035SD36A,65.0,0.0,0.0,0.0,0.0
7135021924435,Zero-G Wirefree Lift Up Bra Sand,41303039180883,ZGW01SD36AA,65.0,0.0,0.0,0.0,0.0
7135021924435,Zero-G Wirefree Lift Up Bra Sand,41778057248851,BRA035SD36AA,65.0,0.0,0.0,0.0,0.0
7135021924435,Zero-G Wirefree Lift Up Bra Sand,41303039213651,ZGW01SD36B,65.0,0.0,0.0,0.0,0.0
7135021924435,Zero-G Wirefree Lift Up Bra Sand,41778057281619,BRA035SD36B,65.0,0.0,0.0,0.0,0.0
7135021924435,Zero-G Wirefree Lift Up Bra Sand,41303039246419,ZGW01SD38A,65.0,0.0,0.0,0.0,0.0
7135021924435,Zero-G Wirefree Lift Up Bra Sand,41778057314387,BRA035SD38A,65.0,0.0,0.0,0.0,0.0
7135021924435,Zero-G Wirefree Lift Up Bra Sand,41303039279187,ZGW01SD38AA,65.0,0.0,0.0,0.0,0.0
7135021924435,Zero-G Wirefree Lift Up Bra Sand,41778057347155,BRA035SD38AA,65.0,0.0,0.0,0.0,0.0
7135021924435,Zero-G Wirefree Lift Up Bra Sand,41303039311955,ZGW01SD38B,65.0,0.0,0.0,0.0,0.0
7135021924435,Zero-G Wirefree Lift Up Bra Sand,41778057379923,BRA035SD38B,65.0,0.0,0.0,0.0,0.0
7135021924435,Zero-G Wirefree Lift Up Bra Sand,41303039344723,ZGW01SD40A,65.0,0.0,0.0,0.0,0.0
7135021924435,Zero-G Wirefree Lift Up Bra Sand,41778057412691,BRA035SD40A,65.0,0.0,0.0,0.0,0.0
7135021924435,Zero-G Wirefree Lift Up Bra Sand,41303039377491,ZGW01SD40AA,65.0,0.0,0.0,0.0,0.0
7135021924435,Zero-G Wirefree Lift Up Bra Sand,41778057445459,BRA035SD40AA,65.0,0.0,0.0,0.0,0.0
7135021924435,Zero-G Wirefree Lift Up Bra Sand,41778057478227,ZGW01SD40B,65.0,0.0,0.0,0.0,0.0
7135021924435,Zero-G Wirefree Lift Up Bra Sand,41778057510995,BRA035SD40B,65.0,0.0,0.0,0.0,0.0
7135021924435,Zero-G Wirefree Lift Up Bra Sand,41778057543763,ZGW01SD42A,65.0,0.0,0.0,0.0,0.0
7135021924435,Zero-G Wirefree Lift Up Bra Sand,41778057576531,BRA035SD42A,65.0,0.0,0.0,0.0,0.0
7478903177299,Supima® Cotton Wirefree Bra Heather Grey,42323171999827,BRA036HGXXS,50.0,0.0,0.0,0.0,0.0
7478903177299,Supima® Cotton Wirefree Bra Heather Grey,42323172032595,BRA036HGXS,50.0,0.0,0.0,0.0,0.0
7478903177299,Supima® Cotton Wirefree Bra Heather Grey,42323172065363,BRA036HGSM,50.0,0.0,0.0,0.0,0.0
7478903177299,Supima® Cotton Wirefree Bra Heather Grey,42323172098131,BRA036HGME,50.0,0.0,0.0,0.0,0.0
7478903177299,Supima® Cotton Wirefree Bra Heather Grey,42323172130899,BRA036HGLA,50.0,0.0,0.0,0.0,0.0
7478903177299,Supima® Cotton Wirefree Bra Heather Grey,42323172163667,BRA036HGXL,50.0,0.0,0.0,0.0,0.0
6608541352019,MVP Multiway Strapless Bra Black,39444015251539,STL01BL30A,60.0,0.0,0.0,0.0,0.0
6608541352019,MVP Multiway Strapless Bra Black,39444015284307,STL01BL30B,60.0,0.0,0.0,0.0,0.0
6608541352019,MVP Multiway Strapless Bra Black,39444015317075,STL01BL32AA,60.0,0.0,0.0,0.0,0.0
6608541352019,MVP Multiway Strapless Bra Black,39444015349843,STL01BL32A,60.0,0.0,0.0,0.0,0.0
6608541352019,MVP Multiway Strapless Bra Black,39444015382611,STL01BL32B,60.0,0.0,0.0,0.0,0.0
6608541352019,MVP Multiway Strapless Bra Black,39444015415379,STL01BL34AA,60.0,0.0,0.0,0.0,0.0
6608541352019,MVP Multiway Strapless Bra Black,39444015448147,STL01BL34A,60.0,0.0,0.0,0.0,0.0
6608541352019,MVP Multiway Strapless Bra Black,39444015480915,STL01BL34B,60.0,0.0,0.0,0.0,0.0
6608541352019,MVP Multiway Strapless Bra Black,39444015513683,STL01BL36AA,60.0,0.0,0.0,0.0,0.0
6608541352019,MVP Multiway Strapless Bra Black,39444015546451,STL01BL36A,60.0,0.0,0.0,0.0,0.0
6608541352019,MVP Multiway Strapless Bra Black,39444015579219,STL01BL36B,60.0,0.0,0.0,0.0,0.0
6608541352019,MVP Multiway Strapless Bra Black,39444015611987,STL01BL38AA,60.0,0.0,0.0,0.0,0.0
6608541352019,MVP Multiway Strapless Bra Black,39444015644755,STL01BL38A,60.0,0.0,0.0,0.0,0.0
6608541352019,MVP Multiway Strapless Bra Black,39444015677523,STL01BL38B,60.0,0.0,0.0,0.0,0.0
6608541352019,MVP Multiway Strapless Bra Black,39444015710291,STL01BL40A,60.0,0.0,0.0,0.0,0.0
6608541352019,MVP Multiway Strapless Bra Black,39757686931539,STL01BL40AA,60.0,0.0,0.0,0.0,0.0
6608541352019,MVP Multiway Strapless Bra Black,40843372986451,STL01BL40B,60.0,0.0,0.0,0.0,0.0
6608541352019,MVP Multiway Strapless Bra Black,41933872332883,STL01BL42A,60.0,0.0,0.0,0.0,0.0
6608541352019,MVP Multiway Strapless Bra Black,41933872365651,STL01BL42AA,60.0,0.0,0.0,0.0,0.0
7478913597523,Embroidery Unlined Demi Bra Le Fleur,42323274039379,BRA032LF30A,78.0,0.0,0.0,0.0,0.0
7478913597523,Embroidery Unlined Demi Bra Le Fleur,42323274072147,BRA032LF30B,78.0,0.0,0.0,0.0,0.0
7478913597523,Embroidery Unlined Demi Bra Le Fleur,42323274104915,BRA032LF32AA,78.0,0.0,0.0,0.0,0.0
7478913597523,Embroidery Unlined Demi Bra Le Fleur,42323274137683,BRA032LF32A,78.0,0.0,0.0,0.0,0.0
7478913597523,Embroidery Unlined Demi Bra Le Fleur,42323274170451,BRA032LF32B,78.0,0.0,0.0,0.0,0.0
7478913597523,Embroidery Unlined Demi Bra Le Fleur,42323274203219,BRA032LF34AA,78.0,0.0,0.0,0.0,0.0
7478913597523,Embroidery Unlined Demi Bra Le Fleur,42323274235987,BRA032LF34A,78.0,0.0,0.0,0.0,0.0
7478913597523,Embroidery Unlined Demi Bra Le Fleur,42323274268755,BRA032LF34B,78.0,0.0,0.0,0.0,0.0
7478913597523,Embroidery Unlined Demi Bra Le Fleur,42323274301523,BRA032LF36AA,78.0,0.0,0.0,0.0,0.0
7478913597523,Embroidery Unlined Demi Bra Le Fleur,42323274334291,BRA032LF36A,78.0,0.0,0.0,0.0,0.0
7478913597523,Embroidery Unlined Demi Bra Le Fleur,42323274367059,BRA032LF36B,78.0,0.0,0.0,0.0,0.0
7478913597523,Embroidery Unlined Demi Bra Le Fleur,42323274399827,BRA032LF38AA,78.0,0.0,0.0,0.0,0.0
7478913597523,Embroidery Unlined Demi Bra Le Fleur,42323274432595,BRA032LF38A,78.0,0.0,0.0,0.0,0.0
7478913597523,Embroidery Unlined Demi Bra Le Fleur,42323274465363,BRA032LF38B,78.0,0.0,0.0,0.0,0.0
7478913597523,Embroidery Unlined Demi Bra Le Fleur,42323274498131,BRA032LF40AA,78.0,0.0,0.0,0.0,0.0
7478913597523,Embroidery Unlined Demi Bra Le Fleur,42323274530899,BRA032LF40A,78.0,0.0,0.0,0.0,0.0
7478913597523,Embroidery Unlined Demi Bra Le Fleur,42323274563667,BRA032LF40B,78.0,0.0,0.0,0.0,0.0
7478913597523,Embroidery Unlined Demi Bra Le Fleur,42323274596435,BRA032LF42A,78.0,0.0,0.0,0.0,0.0
7478922215507,Lace Lift Up Teddy Bisou,42323367526483,BW002BI30A,98.0,0.0,0.0,0.0,0.0
7478922215507,Lace Lift Up Teddy Bisou,42323367559251,BW002BI30B,98.0,0.0,0.0,0.0,0.0
7478922215507,Lace Lift Up Teddy Bisou,42323367592019,BW002BI32AA,98.0,0.0,0.0,0.0,0.0
7478922215507,Lace Lift Up Teddy Bisou,42323367624787,BW002BI32A,98.0,0.0,0.0,0.0,0.0
7478922215507,Lace Lift Up Teddy Bisou,42323367657555,BW002BI32B,98.0,0.0,0.0,0.0,0.0
7478922215507,Lace Lift Up Teddy Bisou,42323367690323,BW002BI34AA,98.0,0.0,0.0,0.0,0.0
7478922215507,Lace Lift Up Teddy Bisou,42323367723091,BW002BI34A,98.0,0.0,0.0,0.0,0.0
7478922215507,Lace Lift Up Teddy Bisou,42323367755859,BW002BI34B,98.0,0.0,0.0,0.0,0.0
7478922215507,Lace Lift Up Teddy Bisou,42323367788627,BW002BI36AA,98.0,0.0,0.0,0.0,0.0
7478922215507,Lace Lift Up Teddy Bisou,42323367821395,BW002BI36A,98.0,0.0,0.0,0.0,0.0
7478922215507,Lace Lift Up Teddy Bisou,42323367854163,BW002BI36B,98.0,0.0,0.0,0.0,0.0
7478922215507,Lace Lift Up Teddy Bisou,42323367886931,BW002BI38AA,98.0,0.0,0.0,0.0,0.0
7478922215507,Lace Lift Up Teddy Bisou,42323367919699,BW002BI38A,98.0,0.0,0.0,0.0,0.0
7478922215507,Lace Lift Up Teddy Bisou,42323367952467,BW002BI38B,98.0,0.0,0.0,0.0,0.0
4738849669203,Classic All You Bra Ecru,40987877212243,AYB02WS30A,55.0,0.0,0.0,0.0,0.0
4738849669203,Classic All You Bra Ecru,41222475710547,AYB02EC30A,55.0,0.0,0.0,0.0,0.0
4738849669203,Classic All You Bra Ecru,40987877245011,AYB02WS30B,55.0,0.0,0.0,0.0,0.0
4738849669203,Classic All You Bra Ecru,41222475743315,AYB02EC30B,55.0,0.0,0.0,0.0,0.0
4738849669203,Classic All You Bra Ecru,40987877277779,AYB02WS32AA,55.0,0.0,0.0,0.0,0.0
4738849669203,Classic All You Bra Ecru,41222475776083,AYB02EC32AA,55.0,0.0,0.0,0.0,0.0
4738849669203,Classic All You Bra Ecru,40987877310547,AYB02WS32A,55.0,0.0,0.0,0.0,0.0
4738849669203,Classic All You Bra Ecru,41222475808851,AYB02EC32A,55.0,0.0,0.0,0.0,0.0
4738849669203,Classic All You Bra Ecru,40987877343315,AYB02WS32B,55.0,0.0,0.0,0.0,0.0
4738849669203,Classic All You Bra Ecru,41222475841619,AYB02EC32B,55.0,0.0,0.0,0.0,0.0
4738849669203,Classic All You Bra Ecru,40987877376083,AYB02WS34AA,55.0,0.0,0.0,0.0,0.0
4738849669203,Classic All You Bra Ecru,41222475874387,AYB02EC34AA,55.0,0.0,0.0,0.0,0.0
4738849669203,Classic All You Bra Ecru,40987877408851,AYB02WS34A,55.0,0.0,0.0,0.0,0.0
4738849669203,Classic All You Bra Ecru,41222475907155,AYB02EC34A,55.0,0.0,0.0,0.0,0.0
4738849669203,Classic All You Bra Ecru,40987877441619,AYB02WS34B,55.0,0.0,0.0,0.0,0.0
4738849669203,Classic All You Bra Ecru,41222475939923,AYB02EC34B,55.0,0.0,0.0,0.0,0.0
4738849669203,Classic All You Bra Ecru,40987877474387,AYB02WS36AA,55.0,0.0,0.0,0.0,0.0
4738849669203,Classic All You Bra Ecru,41222475972691,AYB02EC36AA,55.0,0.0,0.0,0.0,0.0
4738849669203,Classic All You Bra Ecru,40987877507155,AYB02WS36A,55.0,0.0,0.0,0.0,0.0
4738849669203,Classic All You Bra Ecru,41222476005459,AYB02EC36A,55.0,0.0,0.0,0.0,0.0
4738849669203,Classic All You Bra Ecru,40987877539923,AYB02WS36B,55.0,0.0,0.0,0.0,0.0
4738849669203,Classic All You Bra Ecru,41222476038227,AYB02EC36B,55.0,0.0,0.0,0.0,0.0
4738849669203,Classic All You Bra Ecru,40987877572691,AYB02WS38AA,55.0,0.0,0.0,0.0,0.0
4738849669203,Classic All You Bra Ecru,41222476070995,AYB02EC38AA,55.0,0.0,0.0,0.0,0.0
4738849669203,Classic All You Bra Ecru,40987877605459,AYB02WS38A,55.0,0.0,0.0,0.0,0.0
4738849669203,Classic All You Bra Ecru,41222476103763,AYB02EC38A,55.0,0.0,0.0,0.0,0.0
4738849669203,Classic All You Bra Ecru,40987877638227,AYB02WS38B,55.0,0.0,0.0,0.0,0.0
4738849669203,Classic All You Bra Ecru,41222476136531,AYB02EC38B,55.0,0.0,0.0,0.0,0.0
4738849669203,Classic All You Bra Ecru,40987877703763,AYB02WS40AA,55.0,0.0,0.0,0.0,0.0
4738849669203,Classic All You Bra Ecru,41222476202067,AYB02EC40AA,55.0,0.0,0.0,0.0,0.0
4738849669203,Classic All You Bra Ecru,40987877670995,AYB02WS40A,55.0,0.0,0.0,0.0,0.0
4738849669203,Classic All You Bra Ecru,41222476169299,AYB02EC40A,55.0,0.0,0.0,0.0,0.0
4738849669203,Classic All You Bra Ecru,40992460603475,AYB02WS40B,55.0,0.0,0.0,0.0,0.0
4738849669203,Classic All You Bra Ecru,41222476300371,AYB02EC40B,55.0,0.0,0.0,0.0,0.0
4738849669203,Classic All You Bra Ecru,40992460243027,AYB02WS42AA,55.0,0.0,0.0,0.0,0.0
4738849669203,Classic All You Bra Ecru,41222476234835,AYB02EC42AA,55.0,0.0,0.0,0.0,0.0
4738849669203,Classic All You Bra Ecru,40992460374099,AYB02WS42A,55.0,0.0,0.0,0.0,0.0
4738849669203,Classic All You Bra Ecru,41222476267603,AYB02EC42A,55.0,0.0,0.0,0.0,0.0
7435520901203,Signature All You Bra Black Cherry,42148269293651,SAY01BY30A,45.0,0.0,0.0,0.0,0.0
7435520901203,Signature All You Bra Black Cherry,42148269326419,SAY01BY30B,45.0,0.0,0.0,0.0,0.0
7435520901203,Signature All You Bra Black Cherry,42148269391955,SAY01BY32AA,45.0,0.0,0.0,0.0,0.0
7435520901203,Signature All You Bra Black Cherry,42148269359187,SAY01BY32A,45.0,0.0,0.0,0.0,0.0
7435520901203,Signature All You Bra Black Cherry,42148269424723,SAY01BY32B,45.0,0.0,0.0,0.0,0.0
7435520901203,Signature All You Bra Black Cherry,42148269490259,SAY01BY34AA,45.0,0.0,0.0,0.0,0.0
7435520901203,Signature All You Bra Black Cherry,42148269457491,SAY01BY34A,45.0,0.0,0.0,0.0,0.0
7435520901203,Signature All You Bra Black Cherry,42148269523027,SAY01BY34B,45.0,0.0,0.0,0.0,0.0
7435520901203,Signature All You Bra Black Cherry,42148269588563,SAY01BY36AA,45.0,0.0,0.0,0.0,0.0
7435520901203,Signature All You Bra Black Cherry,42148269555795,SAY01BY36A,45.0,0.0,0.0,0.0,0.0
7435520901203,Signature All You Bra Black Cherry,42148269621331,SAY01BY36B,45.0,0.0,0.0,0.0,0.0
7435520901203,Signature All You Bra Black Cherry,42148269686867,SAY01BY38AA,45.0,0.0,0.0,0.0,0.0
7435520901203,Signature All You Bra Black Cherry,42148269654099,SAY01BY38A,45.0,0.0,0.0,0.0,0.0
7435520901203,Signature All You Bra Black Cherry,42148269719635,SAY01BY38B,45.0,0.0,0.0,0.0,0.0
7435520901203,Signature All You Bra Black Cherry,42148269785171,SAY01BY40AA,45.0,0.0,0.0,0.0,0.0
7435520901203,Signature All You Bra Black Cherry,42148269752403,SAY01BY40A,45.0,0.0,0.0,0.0,0.0
7435520901203,Signature All You Bra Black Cherry,42148269817939,SAY01BY40B,45.0,0.0,0.0,0.0,0.0
7375406628947,Lace Racerback Lift Up Bra Sand,41928251474003,BRA019SD30A,68.0,0.0,0.0,0.0,0.0
7375406628947,Lace Racerback Lift Up Bra Sand,41928251506771,BRA019SD30B,68.0,0.0,0.0,0.0,0.0
7375406628947,Lace Racerback Lift Up Bra Sand,41928251572307,BRA019SD32AA,68.0,0.0,0.0,0.0,0.0
7375406628947,Lace Racerback Lift Up Bra Sand,41928251539539,BRA019SD32A,68.0,0.0,0.0,0.0,0.0
7375406628947,Lace Racerback Lift Up Bra Sand,41928251605075,BRA019SD32B,68.0,0.0,0.0,0.0,0.0
7375406628947,Lace Racerback Lift Up Bra Sand,41928251670611,BRA019SD34AA,68.0,0.0,0.0,0.0,0.0
7375406628947,Lace Racerback Lift Up Bra Sand,41928251637843,BRA019SD34A,68.0,0.0,0.0,0.0,0.0
7375406628947,Lace Racerback Lift Up Bra Sand,41928251703379,BRA019SD34B,68.0,0.0,0.0,0.0,0.0
7375406628947,Lace Racerback Lift Up Bra Sand,41928251768915,BRA019SD36AA,68.0,0.0,0.0,0.0,0.0
7375406628947,Lace Racerback Lift Up Bra Sand,41928251736147,BRA019SD36A,68.0,0.0,0.0,0.0,0.0
7375406628947,Lace Racerback Lift Up Bra Sand,41928251801683,BRA019SD36B,68.0,0.0,0.0,0.0,0.0
7375406628947,Lace Racerback Lift Up Bra Sand,41928251867219,BRA019SD38AA,68.0,0.0,0.0,0.0,0.0
7375406628947,Lace Racerback Lift Up Bra Sand,41928251834451,BRA019SD38A,68.0,0.0,0.0,0.0,0.0
7375406628947,Lace Racerback Lift Up Bra Sand,41928251899987,BRA019SD38B,68.0,0.0,0.0,0.0,0.0
7375406628947,Lace Racerback Lift Up Bra Sand,41928251965523,BRA019SD40AA,68.0,0.0,0.0,0.0,0.0
7375406628947,Lace Racerback Lift Up Bra Sand,41928251932755,BRA019SD40A,68.0,0.0,0.0,0.0,0.0
7375406628947,Lace Racerback Lift Up Bra Sand,41928251998291,BRA019SD40B,68.0,0.0,0.0,0.0,0.0
7375406628947,Lace Racerback Lift Up Bra Sand,41928252031059,BRA019SD42A,68.0,0.0,0.0,0.0,0.0
6923172741203,Ultimate Contour T-Shirt Bra Black,40471360602195,TSB01BL30A,65.0,0.0,0.0,0.0,0.0
6923172741203,Ultimate Contour T-Shirt Bra Black,40471360634963,TSB01BL30B,65.0,0.0,0.0,0.0,0.0
6923172741203,Ultimate Contour T-Shirt Bra Black,40471360667731,TSB01BL32AA,65.0,0.0,0.0,0.0,0.0
6923172741203,Ultimate Contour T-Shirt Bra Black,40471360700499,TSB01BL32A,65.0,0.0,0.0,0.0,0.0
6923172741203,Ultimate Contour T-Shirt Bra Black,40471360733267,TSB01BL32B,65.0,0.0,0.0,0.0,0.0
6923172741203,Ultimate Contour T-Shirt Bra Black,40471360766035,TSB01BL34AA,65.0,0.0,0.0,0.0,0.0
6923172741203,Ultimate Contour T-Shirt Bra Black,40471360798803,TSB01BL34A,65.0,0.0,0.0,0.0,0.0
6923172741203,Ultimate Contour T-Shirt Bra Black,40471360831571,TSB01BL34B,65.0,0.0,0.0,0.0,0.0
6923172741203,Ultimate Contour T-Shirt Bra Black,40471360864339,TSB01BL36AA,65.0,0.0,0.0,0.0,0.0
6923172741203,Ultimate Contour T-Shirt Bra Black,40471360897107,TSB01BL36A,65.0,0.0,0.0,0.0,0.0
6923172741203,Ultimate Contour T-Shirt Bra Black,40471360929875,TSB01BL36B,65.0,0.0,0.0,0.0,0.0
6923172741203,Ultimate Contour T-Shirt Bra Black,40471360962643,TSB01BL38AA,65.0,0.0,0.0,0.0,0.0
6923172741203,Ultimate Contour T-Shirt Bra Black,40471360995411,TSB01BL38A,65.0,0.0,0.0,0.0,0.0
6923172741203,Ultimate Contour T-Shirt Bra Black,40471361028179,TSB01BL38B,65.0,0.0,0.0,0.0,0.0
6923172741203,Ultimate Contour T-Shirt Bra Black,40471361060947,TSB01BL40A,65.0,0.0,0.0,0.0,0.0
6923172741203,Ultimate Contour T-Shirt Bra Black,40471361093715,TSB01BL40AA,65.0,0.0,0.0,0.0,0.0
6923172741203,Ultimate Contour T-Shirt Bra Black,40471361126483,TSB01BL42A,65.0,0.0,0.0,0.0,0.0
6923172741203,Ultimate Contour T-Shirt Bra Black,40471361159251,TSB01BL42AA,65.0,0.0,0.0,0.0,0.0
6923172741203,Ultimate Contour T-Shirt Bra Black,40843373051987,TSB01BL40B,65.0,0.0,0.0,0.0,0.0
7375546220627,Boost Lift Up Strapless Bra Buff,42139578564691,BRA012BU30A,65.0,0.0,0.0,0.0,0.0
7375546220627,Boost Lift Up Strapless Bra Buff,41928658288723,BRA012BU30B,65.0,0.0,0.0,0.0,0.0
7375546220627,Boost Lift Up Strapless Bra Buff,41928658354259,BRA012BU32AA,65.0,0.0,0.0,0.0,0.0
7375546220627,Boost Lift Up Strapless Bra Buff,41928658321491,BRA012BU32A,65.0,0.0,0.0,0.0,0.0
7375546220627,Boost Lift Up Strapless Bra Buff,41928658387027,BRA012BU32B,65.0,0.0,0.0,0.0,0.0
7375546220627,Boost Lift Up Strapless Bra Buff,41928658452563,BRA012BU34AA,65.0,0.0,0.0,0.0,0.0
7375546220627,Boost Lift Up Strapless Bra Buff,41928658419795,BRA012BU34A,65.0,0.0,0.0,0.0,0.0
7375546220627,Boost Lift Up Strapless Bra Buff,41928658485331,BRA012BU34B,65.0,0.0,0.0,0.0,0.0
7375546220627,Boost Lift Up Strapless Bra Buff,41928658550867,BRA012BU36AA,65.0,0.0,0.0,0.0,0.0
7375546220627,Boost Lift Up Strapless Bra Buff,41928658518099,BRA012BU36A,65.0,0.0,0.0,0.0,0.0
7375546220627,Boost Lift Up Strapless Bra Buff,41928658583635,BRA012BU36B,65.0,0.0,0.0,0.0,0.0
7375546220627,Boost Lift Up Strapless Bra Buff,41928658649171,BRA012BU38AA,65.0,0.0,0.0,0.0,0.0
7375546220627,Boost Lift Up Strapless Bra Buff,41928658616403,BRA012BU38A,65.0,0.0,0.0,0.0,0.0
7375546220627,Boost Lift Up Strapless Bra Buff,41928658681939,BRA012BU38B,65.0,0.0,0.0,0.0,0.0
7375546220627,Boost Lift Up Strapless Bra Buff,41928658747475,BRA012BU40AA,65.0,0.0,0.0,0.0,0.0
7375546220627,Boost Lift Up Strapless Bra Buff,41928658714707,BRA012BU40A,65.0,0.0,0.0,0.0,0.0
7375546220627,Boost Lift Up Strapless Bra Buff,41928658780243,BRA012BU40B,65.0,0.0,0.0,0.0,0.0
7375546220627,Boost Lift Up Strapless Bra Buff,41928658813011,BRA012BU42A,65.0,0.0,0.0,0.0,0.0
7171417768019,Ultimate Racerback T-Shirt Bra Buff,41427591594067,BRA014BU30A,65.0,0.0,0.0,0.0,0.0
7171417768019,Ultimate Racerback T-Shirt Bra Buff,41427591626835,BRA014BU30B,65.0,0.0,0.0,0.0,0.0
7171417768019,Ultimate Racerback T-Shirt Bra Buff,41427591692371,BRA014BU32AA,65.0,0.0,0.0,0.0,0.0
7171417768019,Ultimate Racerback T-Shirt Bra Buff,41427591659603,BRA014BU32A,65.0,0.0,0.0,0.0,0.0
7171417768019,Ultimate Racerback T-Shirt Bra Buff,41427591725139,BRA014BU32B,65.0,0.0,0.0,0.0,0.0
7171417768019,Ultimate Racerback T-Shirt Bra Buff,41427591790675,BRA014BU34AA,65.0,0.0,0.0,0.0,0.0
7171417768019,Ultimate Racerback T-Shirt Bra Buff,41427591757907,BRA014BU34A,65.0,0.0,0.0,0.0,0.0
7171417768019,Ultimate Racerback T-Shirt Bra Buff,41427591823443,BRA014BU34B,65.0,0.0,0.0,0.0,0.0
7171417768019,Ultimate Racerback T-Shirt Bra Buff,41427591888979,BRA014BU36AA,65.0,0.0,0.0,0.0,0.0
7171417768019,Ultimate Racerback T-Shirt Bra Buff,41427591856211,BRA014BU36A,65.0,0.0,0.0,0.0,0.0
7171417768019,Ultimate Racerback T-Shirt Bra Buff,41427591921747,BRA014BU36B,65.0,0.0,0.0,0.0,0.0
7171417768019,Ultimate Racerback T-Shirt Bra Buff,41427591987283,BRA014BU38AA,65.0,0.0,0.0,0.0,0.0
7171417768019,Ultimate Racerback T-Shirt Bra Buff,41427591954515,BRA014BU38A,65.0,0.0,0.0,0.0,0.0
7171417768019,Ultimate Racerback T-Shirt Bra Buff,41427592020051,BRA014BU38B,65.0,0.0,0.0,0.0,0.0
7171417768019,Ultimate Racerback T-Shirt Bra Buff,41427592118355,BRA014BU40AA,65.0,0.0,0.0,0.0,0.0
7171417768019,Ultimate Racerback T-Shirt Bra Buff,41427592052819,BRA014BU40A,65.0,0.0,0.0,0.0,0.0
7171417768019,Ultimate Racerback T-Shirt Bra Buff,41427592151123,BRA014BU40B,65.0,0.0,0.0,0.0,0.0
7171417768019,Ultimate Racerback T-Shirt Bra Buff,41890906210387,BRA014BU42A,65.0,0.0,0.0,0.0,0.0
7233516175443,Lace Lift Up Bra Sand,41593345605715,LLU01SD30A,65.0,0.0,0.0,0.0,0.0
7233516175443,Lace Lift Up Bra Sand,41593345638483,LLU01SD30B,65.0,0.0,0.0,0.0,0.0
7233516175443,Lace Lift Up Bra Sand,41593345671251,LLU01SD32AA,65.0,0.0,0.0,0.0,0.0
7233516175443,Lace Lift Up Bra Sand,41593345704019,LLU01SD32A,65.0,0.0,0.0,0.0,0.0
7233516175443,Lace Lift Up Bra Sand,41593345736787,LLU01SD32B,65.0,0.0,0.0,0.0,0.0
7233516175443,Lace Lift Up Bra Sand,41593345769555,LLU01SD34AA,65.0,0.0,0.0,0.0,0.0
7233516175443,Lace Lift Up Bra Sand,41593345802323,LLU01SD34A,65.0,0.0,0.0,0.0,0.0
7233516175443,Lace Lift Up Bra Sand,41593345835091,LLU01SD34B,65.0,0.0,0.0,0.0,0.0
7233516175443,Lace Lift Up Bra Sand,41593345867859,LLU01SD36AA,65.0,0.0,0.0,0.0,0.0
7233516175443,Lace Lift Up Bra Sand,41593345900627,LLU01SD36A,65.0,0.0,0.0,0.0,0.0
7233516175443,Lace Lift Up Bra Sand,41593345933395,LLU01SD36B,65.0,0.0,0.0,0.0,0.0
7233516175443,Lace Lift Up Bra Sand,41593345966163,LLU01SD38AA,65.0,0.0,0.0,0.0,0.0
7233516175443,Lace Lift Up Bra Sand,41593345998931,LLU01SD38A,65.0,0.0,0.0,0.0,0.0
7233516175443,Lace Lift Up Bra Sand,41593346031699,LLU01SD38B,65.0,0.0,0.0,0.0,0.0
7233516175443,Lace Lift Up Bra Sand,41593346064467,LLU01SD40A,65.0,0.0,0.0,0.0,0.0
7233516175443,Lace Lift Up Bra Sand,41593346097235,LLU01SD40AA,65.0,0.0,0.0,0.0,0.0
7019685511251,Signature Unlined Demi Bra Black,41010061279315,SUD01BL30A,55.0,0.0,0.0,0.0,0.0
7019685511251,Signature Unlined Demi Bra Black,41010061246547,SUD01BL30B,55.0,0.0,0.0,0.0,0.0
7019685511251,Signature Unlined Demi Bra Black,41010061181011,SUD01BL32AA,55.0,0.0,0.0,0.0,0.0
7019685511251,Signature Unlined Demi Bra Black,41010061213779,SUD01BL32A,55.0,0.0,0.0,0.0,0.0
7019685511251,Signature Unlined Demi Bra Black,41010061148243,SUD01BL32B,55.0,0.0,0.0,0.0,0.0
7019685511251,Signature Unlined Demi Bra Black,41010061082707,SUD01BL34AA,55.0,0.0,0.0,0.0,0.0
7019685511251,Signature Unlined Demi Bra Black,41010061115475,SUD01BL34A,55.0,0.0,0.0,0.0,0.0
7019685511251,Signature Unlined Demi Bra Black,41010060984403,SUD01BL34B,55.0,0.0,0.0,0.0,0.0
7019685511251,Signature Unlined Demi Bra Black,41010061017171,SUD01BL36AA,55.0,0.0,0.0,0.0,0.0
7019685511251,Signature Unlined Demi Bra Black,41010061049939,SUD01BL36A,55.0,0.0,0.0,0.0,0.0
7019685511251,Signature Unlined Demi Bra Black,41010060886099,SUD01BL36B,55.0,0.0,0.0,0.0,0.0
7019685511251,Signature Unlined Demi Bra Black,41010060918867,SUD01BL38AA,55.0,0.0,0.0,0.0,0.0
7019685511251,Signature Unlined Demi Bra Black,41010060951635,SUD01BL38A,55.0,0.0,0.0,0.0,0.0
7019685511251,Signature Unlined Demi Bra Black,41010060853331,SUD01BL38B,55.0,0.0,0.0,0.0,0.0
7019685511251,Signature Unlined Demi Bra Black,41010060787795,SUD01BL40AA,55.0,0.0,0.0,0.0,0.0
7019685511251,Signature Unlined Demi Bra Black,41010060820563,SUD01BL40A,55.0,0.0,0.0,0.0,0.0
7019685511251,Signature Unlined Demi Bra Black,41989288460371,SUD01BL40B,55.0,0.0,0.0,0.0,0.0
7019685511251,Signature Unlined Demi Bra Black,41933868335187,SUD01BL42A,55.0,0.0,0.0,0.0,0.0
6600898183251,Limitless Wirefree Scoop Bra Black,40987952873555,LWB02BLXXS,50.0,0.0,0.0,0.0,0.0
6600898183251,Limitless Wirefree Scoop Bra Black,40987952906323,LWB02BLXS,50.0,0.0,0.0,0.0,0.0
6600898183251,Limitless Wirefree Scoop Bra Black,40987952939091,LWB02BLSM,50.0,0.0,0.0,0.0,0.0
6600898183251,Limitless Wirefree Scoop Bra Black,40987952971859,LWB02BLME,50.0,0.0,0.0,0.0,0.0
6600898183251,Limitless Wirefree Scoop Bra Black,40987953004627,LWB02BLLA,50.0,0.0,0.0,0.0,0.0
6600898183251,Limitless Wirefree Scoop Bra Black,40987953037395,LWB02BLXL,50.0,0.0,0.0,0.0,0.0
6789830803539,FeelGood Wirefree T-Shirt Bra Buff,40047340060755,FWT01BUXXS,55.0,0.0,0.0,0.0,0.0
6789830803539,FeelGood Wirefree T-Shirt Bra Buff,40047340093523,FWT01BUXS,55.0,0.0,0.0,0.0,0.0
6789830803539,FeelGood Wirefree T-Shirt Bra Buff,40047340126291,FWT01BUSM,55.0,0.0,0.0,0.0,0.0
6789830803539,FeelGood Wirefree T-Shirt Bra Buff,40047340159059,FWT01BUME,55.0,0.0,0.0,0.0,0.0
6789830803539,FeelGood Wirefree T-Shirt Bra Buff,40047340191827,FWT01BULA,55.0,0.0,0.0,0.0,0.0
6789830803539,FeelGood Wirefree T-Shirt Bra Buff,40047340224595,FWT01BUXL,55.0,0.0,0.0,0.0,0.0
7275348230227,SoftLife Modal Wirefree Bra Black,41688032739411,MWB01BLXXS,25.0,0.0,0.0,0.0,0.0
7275348230227,SoftLife Modal Wirefree Bra Black,41688032772179,BRA017BLXXS,25.0,0.0,0.0,0.0,0.0
7275348230227,SoftLife Modal Wirefree Bra Black,41688032804947,MWB01BLXS,25.0,0.0,0.0,0.0,0.0
7275348230227,SoftLife Modal Wirefree Bra Black,41688032837715,BRA017BLXS,25.0,0.0,0.0,0.0,0.0
7275348230227,SoftLife Modal Wirefree Bra Black,41688032870483,MWB01BLSM,25.0,0.0,0.0,0.0,0.0
7275348230227,SoftLife Modal Wirefree Bra Black,41688032903251,BRA017BLSM,25.0,0.0,0.0,0.0,0.0
7275348230227,SoftLife Modal Wirefree Bra Black,41688032936019,MWB01BLME,25.0,0.0,0.0,0.0,0.0
7275348230227,SoftLife Modal Wirefree Bra Black,41688032968787,BRA017BLME,25.0,0.0,0.0,0.0,0.0
7275348230227,SoftLife Modal Wirefree Bra Black,41688033001555,MWB01BLLA,25.0,0.0,0.0,0.0,0.0
7275348230227,SoftLife Modal Wirefree Bra Black,41688033034323,BRA017BLLA,25.0,0.0,0.0,0.0,0.0
7275348230227,SoftLife Modal Wirefree Bra Black,41688033067091,MWB01BLXL,25.0,0.0,0.0,0.0,0.0
7275348230227,SoftLife Modal Wirefree Bra Black,41688033099859,BRA017BLXL,25.0,0.0,0.0,0.0,0.0
7436495290451,Lace Corset Top Black,42150803865683,BRA013BL30A,88.0,0.0,0.0,0.0,0.0
7436495290451,Lace Corset Top Black,42150803898451,BRA013BL30B,88.0,0.0,0.0,0.0,0.0
7436495290451,Lace Corset Top Black,42150803963987,BRA013BL32AA,88.0,0.0,0.0,0.0,0.0
7436495290451,Lace Corset Top Black,42150803931219,BRA013BL32A,88.0,0.0,0.0,0.0,0.0
7436495290451,Lace Corset Top Black,42150803996755,BRA013BL32B,88.0,0.0,0.0,0.0,0.0
7436495290451,Lace Corset Top Black,42150804062291,BRA013BL34AA,88.0,0.0,0.0,0.0,0.0
7436495290451,Lace Corset Top Black,42150804029523,BRA013BL34A,88.0,0.0,0.0,0.0,0.0
7436495290451,Lace Corset Top Black,42150804095059,BRA013BL34B,88.0,0.0,0.0,0.0,0.0
7436495290451,Lace Corset Top Black,42150804160595,BRA013BL36AA,88.0,0.0,0.0,0.0,0.0
7436495290451,Lace Corset Top Black,42150804127827,BRA013BL36A,88.0,0.0,0.0,0.0,0.0
7436495290451,Lace Corset Top Black,42150804193363,BRA013BL36B,88.0,0.0,0.0,0.0,0.0
7436495290451,Lace Corset Top Black,42240287998035,BRA013BL38A,88.0,0.0,0.0,0.0,0.0
1363094863984,E-Gift Card,41124113449043,,25.0,0.0,0.0,0.0,0.0
1363094863984,E-Gift Card,12488873017456,,50.0,0.0,0.0,0.0,0.0
1363094863984,E-Gift Card,41124149264467,,75.0,0.0,0.0,0.0,0.0
1363094863984,E-Gift Card,12488873050224,,100.0,0.0,0.0,0.0,0.0
1363094863984,E-Gift Card,41124149330003,,125.0,0.0,0.0,0.0,0.0
1363094863984,E-Gift Card,32179450511443,,150.0,0.0,0.0,0.0,0.0
1363094863984,E-Gift Card,41237627568211,,200.0,0.0,0.0,0.0,0.0
475988328478,Laundry Bag,42252677546067,PLB01,15.0,0.0,0.0,0.0,0.0
7454755029075,Large Laundry Travel Bag,42252678692947,LTLB01,18.0,0.0,0.0,0.0,0.0
7454766039123,Two-Hook Pepper Bra Extenders 3-Pack Buff,42252744556627,BRX01BUOS,12.0,0.0,0.0,0.0,0.0
6653048946771,Racerback Adapters 2-Pack,39542236643411,RCAS01,8.0,0.0,0.0,0.0,0.0
6613939912787,Pepper Pillows Reusable Nipple Covers (1 Pair),39455379783763,PP01S,15.0,0.0,0.0,0.0,0.0
7095460692051,"Pepper Petals 3-Pack (Ecru, Sand, Fawn)",41154671214675,ACCO1FSOS,12.0,0.0,0.0,0.0,0.0
7455009734739,Pepper Petals 3-Pack Buff,42252726960211,PP01BBU,12.0,0.0,0.0,0.0,0.0
7449393463379,Nippies Lift Adhesive Nipple Covers Caramel,42228948435027,BSX-SKLTCL1,33.0,0.0,0.0,0.0,0.0
7449393987667,Nippies Skin Adhesive Reusable Nipple Covers Creme,42228949975123,BSX-SKADCR1,26.5,0.0,0.0,0.0,0.0
