id,user_id,status,created_at,total_amount,subtotal,shipping,tax
faf8d847-0edb-4234-a952-c4a91a0bbf5c,ec522390-4389-4381-8e95-d273852b062f,shipped,2024-12-29 16:03:13.850219,76.19,65.0,5.99,5.2
626840c6-2abd-4b7f-8d91-2f5d7ccfea97,ffd58631-5a1d-4794-980a-bd3496d7cbbe,complete,2024-12-23 16:03:13.850219,76.19,65.0,5.99,5.2
6dcc3ecd-227f-4afc-a674-30f64f9abfe5,e53df4c1-4b8a-4866-a99b-ea0e1711bbf1,pending,2024-12-28 16:03:13.850219,76.19,65.0,5.99,5.2
1a5dc4fb-e39e-4ab0-899b-c7b2335cf55f,e5c7880a-cd94-400a-a593-9a37933e38ca,pending,2024-12-23 14:03:13.850219,65.39,55.0,5.99,4.4
ee7ccf2b-1490-40a7-8239-01d0a4b9b7cb,c1e645cb-af7c-434b-9b9f-6d8a1083bb19,complete,2024-12-22 12:03:13.850219,79.42999999999999,68.0,5.99,5.44
95f6b571-9614-40ad-a606-95dc178cd8a4,5af2823b-d231-44b2-be13-5220dff09af6,complete,2025-01-15 10:03:13.850219,65.39,55.0,5.99,4.4
2f63f396-4a12-4575-96dc-2dc9e878816d,f091b030-db4b-4bab-a34c-064fc50a1cfc,shipped,2024-12-31 11:03:13.850219,65.39,55.0,5.99,4.4
72db4104-8bbf-4ed0-b162-d574d7157066,205f317c-1bb4-4fb6-bcb5-3d356e8bab02,shipped,2024-12-18 12:03:13.850219,140.4,130.0,0.0,10.4
aa996c33-24c3-4cca-b69c-eab144e1c849,9e5c10b7-b21a-4cb5-9f60-88286b8c4e15,complete,2025-01-06 14:03:13.850219,76.19,65.0,5.99,5.2
329d7385-d416-4d53-b15a-f83e9a9ace14,f6b43f14-f812-41f3-8445-e4b401965998,complete,2024-12-27 13:03:13.850219,140.4,130.0,0.0,10.4
78095c58-91d8-405f-a766-8b1ff8e8d29f,7cc6b025-5c77-487c-bd3f-47a0b25b41f9,pending,2025-01-09 11:03:13.850219,70.78999999999999,60.0,5.99,4.8
c7620ef6-1a0c-45ac-be3b-97d03c16b21f,e5470be8-0578-431d-900e-fc7af85df843,shipped,2025-01-13 12:03:13.850219,70.78999999999999,60.0,5.99,4.8
c23cc84c-7a0b-498c-bf96-ae48a1d56289,56dad9ae-5919-454d-9ba6-c89677b37f74,pending,2025-01-10 13:03:13.850219,65.39,55.0,5.99,4.4
8b2030cf-2354-47c4-99f4-32fec6f62df5,61a38829-2b6b-44b2-9bac-57390f353b64,complete,2024-12-28 16:03:13.850219,76.19,65.0,5.99,5.2
13164595-4285-4d14-8f28-db69c84faefb,efb12b13-931e-4e7e-9f2e-0af16562fb3e,complete,2025-01-14 16:03:13.850219,135.0,125.0,0.0,10.0
b223ca03-f8dd-4fca-ab58-9476ffd7e9be,7a0843a9-4b5e-4575-bd9e-b7efb5ba45d3,complete,2025-01-02 16:03:13.850219,84.24,78.0,0.0,6.24
f35d8818-ef73-4cab-91a2-72c39a69d9e5,0822c385-2e75-4823-9777-894937cba5d9,complete,2025-01-04 12:03:13.850219,76.19,65.0,5.99,5.2
5cf24bc0-4956-44fc-87aa-8d67754f4423,d8de41ef-b2c4-4520-ae3d-99d66ef00840,shipped,2025-01-08 11:03:13.850219,54.59,45.0,5.99,3.6
6e90f588-60e7-4671-a83c-575a5f6e9bc8,b96662ea-9820-49a1-848e-e8ea44a0111a,complete,2025-01-12 12:03:13.850219,122.04,113.0,0.0,9.040000000000001
4226c233-b2b3-42bd-b8d2-0830377f661b,11ad1d17-4264-4c8b-8e94-103c6cfd9d94,complete,2024-12-22 10:03:13.850219,76.19,65.0,5.99,5.2
3fd997e4-6caf-4c46-9155-d872756a0912,7b477502-60d2-43d6-99b1-f233001e8438,pending,2024-12-31 00:03:13.850219,76.19,65.0,5.99,5.2
66efbd63-e15f-4d4c-b24c-46daa4e9a028,4cb9cf8b-d688-423e-9275-6f5dc136cfdf,shipped,2024-12-25 14:03:13.850219,76.19,65.0,5.99,5.2
0f3c4d54-c244-4491-9819-89497686c81f,fa83bef9-31e5-4cdc-889a-fe4479103ece,complete,2025-01-16 00:03:13.850219,189.0,175.0,0.0,14.0
24828ad7-f823-4347-a786-de5271cfcbc1,7121127a-1fe2-4903-99e6-e4c8628bb949,shipped,2025-01-10 14:03:13.850219,246.24,228.0,0.0,18.240000000000002
b379227f-a1ec-418a-8e62-a6aa6c250773,86f1d0d0-5e79-479b-98d6-c409330aa35a,complete,2025-01-05 10:03:13.850219,76.19,65.0,5.99,5.2
cac38c3e-ba3b-42c0-82d4-92ecc25dec1f,c24ab29f-2b8a-40cb-a5ed-2ab4e7959c29,complete,2025-01-06 15:03:13.850219,65.39,55.0,5.99,4.4
89441e38-f9f2-4b3a-a91a-ebc42f9a4169,207c4402-c496-48dd-b960-9410f41668f8,complete,2025-01-02 10:03:13.850219,105.84,98.0,0.0,7.84
f1aa1355-3c80-46cd-9c57-a7db19a1e155,a4e5c6ef-fc1d-4f87-bff8-b0f190d26aee,complete,2025-01-02 10:03:13.850219,76.19,65.0,5.99,5.2
a669345f-d516-40a7-bfb7-8e3e5e10cfd6,acd5772c-5123-4719-9188-43e96885f394,complete,2025-01-01 12:03:13.850219,165.24,153.0,0.0,12.24
63c5b6cf-c837-43ac-8c12-9252684621e6,0d818809-0e3f-4226-82aa-eea5a82c6068,shipped,2024-12-23 12:03:13.850219,76.19,65.0,5.99,5.2
46ec0e61-ec8d-441e-a1a4-24af044e4853,e160469d-5615-4e7a-b42c-ccbfa793f8e1,shipped,2025-01-12 11:03:13.850219,199.8,185.0,0.0,14.8
69cb25d7-aa5d-4540-9ab3-4a9fc99378aa,e5312e66-998c-4e88-99e6-bebebbfcd73b,complete,2025-01-14 16:03:13.850219,76.19,65.0,5.99,5.2
bdef0f50-2f64-4ebc-8676-c2799548316d,5e4ddc5c-233a-4dbf-a538-23aef54ec45e,complete,2025-01-12 00:03:13.850219,41.63,33.0,5.99,2.64
5952f7c9-c250-41fc-a632-18dd6f08ee25,f5d45db6-6894-4a7b-9d35-09e86b06f1f6,shipped,2024-12-26 15:03:13.850219,76.19,65.0,5.99,5.2
aeec825b-5fb1-4614-ad07-443ea439ad5c,83b0c09d-5481-4eac-8aae-1f1a0a46ac16,complete,2025-01-08 15:03:13.850219,65.39,55.0,5.99,4.4
ad7e7886-de83-4c85-b820-ebb431140653,5c4100d1-4819-4bee-a633-1a3f0960b81a,shipped,2024-12-20 12:03:13.850219,18.950000000000003,12.0,5.99,0.96
ee1c9002-fcda-4e95-92a5-0902e67ee2d0,03db8628-2f1e-415b-8a9e-db65719660c5,shipped,2025-01-04 11:03:13.850219,194.4,180.0,0.0,14.4
68609b57-8c30-4c77-9743-bc6172dbbaf6,f54828ab-caf9-4e1b-b112-20bcfd35a82a,complete,2025-01-09 16:03:13.850219,79.42999999999999,68.0,5.99,5.44
67f23cbe-ceac-4932-ac9b-c27b03fe3a90,cc5b8b69-f88f-4602-838f-3017f2054159,complete,2024-12-24 15:03:13.850219,118.8,110.0,0.0,8.8
ea20fe0f-a7c9-449f-96c9-11f67a1e7aac,678dd734-f10f-4a93-a9d9-fc861532f39e,shipped,2025-01-17 14:03:13.850219,76.19,65.0,5.99,5.2
68483875-da7f-41d9-99a4-e08b9bc25441,14d33f8e-5145-47f7-a580-8ba76a672b13,complete,2024-12-29 12:03:13.850219,76.19,65.0,5.99,5.2
3d012022-a89b-4f0f-b8ee-fea8243f4f60,92187fcd-20ce-4224-a7bd-f2d9cd6d29c4,shipped,2025-01-07 15:03:13.850219,65.39,55.0,5.99,4.4
018d0182-9aa1-4490-a16c-f77fbd67a908,d8d2cdbe-d8de-4415-b930-8f1f9e0ceb32,complete,2025-01-15 12:03:13.850219,18.950000000000003,12.0,5.99,0.96
7cdc056e-6023-466c-8cc7-6787ed4a9259,7a707226-3347-43e7-ae72-c82b9c380577,complete,2024-12-30 15:03:13.850219,79.42999999999999,68.0,5.99,5.44
8ec87aa9-fca7-4b47-80bf-5a3a85a4244d,50547dc0-3dfd-41a0-baa6-3b23b269927e,shipped,2024-12-30 10:03:13.850219,76.19,65.0,5.99,5.2
c9a6f86d-6348-4158-bd8d-1db9667d375f,8daf2f7a-9018-4198-8100-f1738d70ccca,complete,2024-12-25 15:03:13.850219,65.39,55.0,5.99,4.4
00155160-e54b-4ef3-8b8b-fd26bb8f3235,c6413583-d63d-498a-ac61-00b95342fa46,pending,2025-01-03 12:03:13.850219,65.39,55.0,5.99,4.4
11790ad9-3f7a-4339-b687-c74a1365531f,7700f7ed-ca38-40cb-be7a-d993dd6b8d37,complete,2025-01-08 16:03:13.850219,76.19,65.0,5.99,5.2
20a558ef-45eb-48d2-8603-6ecc4c0e7b1c,95f27fb6-c0b3-4e40-ae3b-41b920ce611d,complete,2025-01-03 13:03:13.850219,76.19,65.0,5.99,5.2
632b7a71-35d9-439f-b95b-d1341d66fb26,e8d606c2-ea3f-4c54-bcdf-0203d45a824d,complete,2025-01-08 11:03:13.850219,132.84,123.0,0.0,9.84
cd399b21-5f04-4aa8-a1fd-e19235515225,71ac4db2-e158-49cb-aeac-ab8995efe9d0,shipped,2025-01-11 12:03:13.850219,179.28,166.0,0.0,13.280000000000001
3312b473-40a5-4d14-9400-59a1d0f80dd3,601cc416-85f9-42e2-b030-c95d37d833e1,complete,2025-01-03 00:03:13.850219,129.6,120.0,0.0,9.6
dc872253-2ca3-4dfd-98d0-71c3a2d20d2b,45256718-5d78-4913-8d17-17dc64bbee9f,complete,2025-01-10 15:03:13.850219,76.19,65.0,5.99,5.2
655e44c4-3cd8-4ca4-9c6d-516b9444c9b6,28175d24-7eb7-41f2-8596-674d13153d62,shipped,2024-12-29 14:03:13.850219,154.44,143.0,0.0,11.44
56dd4d7b-d423-4085-9b1d-12c6d7d8bd89,1ecabe5c-0567-40d2-b21c-6f6d3840252e,complete,2024-12-28 16:03:13.850219,224.64,208.0,0.0,16.64
82825a71-3053-4201-81b9-7a704a0063a1,85378560-ae43-4a3a-b7d6-1cfd77111bb8,complete,2025-01-04 12:03:13.850219,65.39,55.0,5.99,4.4
9c702756-3f35-42fc-b34f-dea33c9453ea,cf3df4e4-d32c-44f6-bcd0-398ce0a2ae55,shipped,2024-12-26 11:03:13.850219,190.08,176.0,0.0,14.08
5472d802-bf4a-4989-958f-f67762dfcd14,357f5151-e015-4406-895a-93df917234f8,shipped,2024-12-30 11:03:13.850219,65.39,55.0,5.99,4.4
0db299d6-6517-4451-ace3-342cdf4f9fd7,e8b71c26-afec-44e2-adf5-1f0e90c6258b,complete,2024-12-30 16:03:13.850219,65.39,55.0,5.99,4.4
28239817-81b7-4937-aff7-032204409ffd,64311f8d-b6fc-4169-850c-c8180146eb86,shipped,2025-01-06 11:03:13.850219,59.99,50.0,5.99,4.0
bf923a7c-1356-4dd9-98bf-7589be8570f7,a625af2d-94da-453c-9e9a-6ff6dc63f675,complete,2025-01-16 15:03:13.850219,76.19,65.0,5.99,5.2
f8a9ff3a-e14e-4add-bb62-adac6b0b100e,983d1fff-e9f9-4f0f-98fc-da693a1083c2,complete,2024-12-30 11:03:13.850219,79.42999999999999,68.0,5.99,5.44
ea9278a5-3800-49d5-a2de-3ced41fae90a,8dca2a91-2a1f-458a-aed6-45b6d5a29638,complete,2024-12-24 12:03:13.850219,54.59,45.0,5.99,3.6
d4a10735-9087-49a0-9ebd-134717c166a8,00cc3b48-6c5e-409b-adfb-e5b7cb0488f7,shipped,2025-01-12 15:03:13.850219,213.84,198.0,0.0,15.84
79f0d2d2-e025-4b67-a3fb-bc31dd518e10,60bcb392-4826-4fed-9159-73b77f02a493,complete,2025-01-15 00:03:13.850219,76.19,65.0,5.99,5.2
d5a40643-7a15-4da5-aa46-e4127802c74f,371c1bf8-38d4-4ca2-b4fa-a7d31f419b0d,complete,2024-12-26 14:03:13.850219,129.6,120.0,0.0,9.6
27693f8e-11b0-413b-a65b-8b419555abd4,2c2dd576-5e97-4f3e-ae85-ca133260868a,complete,2024-12-21 12:03:13.850219,41.63,33.0,5.99,2.64
68bdb5bf-a126-4f9c-90f4-9294624b9744,ed57f8be-1652-4762-bd30-ae1d9d8f7d5a,pending,2025-01-14 12:03:13.850219,194.4,180.0,0.0,14.4
a82b131a-ec20-4226-90ce-f85e051c1e35,c2c6b9cc-9b49-418c-b8b4-5e3aeb0aa2ea,shipped,2024-12-26 15:03:13.850219,76.19,65.0,5.99,5.2
253c7d1e-d5b0-4157-8138-3f324b789e5b,f576385c-f6a2-4bc8-975c-f25d32c34bc0,complete,2024-12-23 16:03:13.850219,70.78999999999999,60.0,5.99,4.8
4211f3f5-539e-42cf-a415-30c4f79d7acb,2a85beba-2beb-418d-a03f-01bac5b1f3a1,pending,2024-12-24 14:03:13.850219,65.39,55.0,5.99,4.4
be9a2cf6-67ef-4f9a-8331-47ff2cdc60d5,cab59b9b-54f1-48a7-ba2a-f0a1f5101def,complete,2024-12-20 16:03:13.850219,76.19,65.0,5.99,5.2
7b9fab9c-a31c-4298-90e4-c98cf67aef7c,5f19006a-a34f-4055-b932-f332b1d356ff,complete,2024-12-24 11:03:13.850219,205.2,190.0,0.0,15.200000000000001
cbd01fb9-f9a9-4783-9e60-b75fecab7730,ca1b78ed-df05-4af6-891b-aea7a694a4d2,shipped,2024-12-28 12:03:13.850219,59.99,50.0,5.99,4.0
6697e080-f5b4-4863-a5f9-0208aeb22752,d6f1ad1f-8461-47fc-95ef-0482f095b48b,complete,2025-01-11 12:03:13.850219,199.8,185.0,0.0,14.8
be11b460-ba9a-43c0-8083-290b75fc172c,52e9d0e2-bb3d-4b74-a6b2-af82cf16566c,complete,2025-01-16 14:03:13.850219,105.84,98.0,0.0,7.84
0258c3c0-7e04-45b1-b664-7c9d10cfa5ea,6fe2c45d-c5c5-4e95-9b8c-00767f7ec6fe,complete,2024-12-19 10:03:13.850219,76.19,65.0,5.99,5.2
af20dfe5-a8d5-4aa2-ae7b-c7d781034faa,c709e4f8-0bbd-4aae-aaa1-75c96f6976f5,pending,2024-12-24 15:03:13.850219,118.8,110.0,0.0,8.8
7ddf9587-19c5-4ffb-97f8-788fa45c3bdd,9cdb216e-2aa9-4517-b2ce-dee08406b96e,complete,2025-01-14 14:03:13.850219,76.19,65.0,5.99,5.2
56fb99d8-25ce-469b-b19e-720f03265c95,6abb1abd-f2d3-4c0d-aad9-887e7cbbac3a,complete,2025-01-17 13:03:13.850219,149.04,138.0,0.0,11.040000000000001
c1844f19-9235-4219-b3fb-9a776ebf4a9c,801b099e-9d5d-411f-b7f6-32c8e6499969,complete,2024-12-18 12:03:13.850219,65.39,55.0,5.99,4.4
582dae1e-10e8-4dfb-804c-d4c2775d590f,6675f2e5-b7be-4bfe-8d8f-ebe28011660b,complete,2024-12-20 13:03:13.850219,84.24,78.0,0.0,6.24
d64a8ee6-1b98-4ce1-938e-0040a48f869d,551a34e4-663c-484f-a640-b23d63271bfe,complete,2024-12-18 10:03:13.850219,132.84,123.0,0.0,9.84
4c179edf-0077-4dfe-8762-cee7060b983f,142e808f-7348-4d06-93ef-9e358f5f9726,complete,2025-01-06 13:03:13.850219,140.4,130.0,0.0,10.4
b6b0990c-837a-4383-9a78-504acee6a41f,15740f8b-8000-4f17-9871-8171889988c2,complete,2024-12-20 15:03:13.850219,132.84,123.0,0.0,9.84
6753c877-abf7-4dfc-95db-c662ac562c94,02390917-b009-4933-b5ee-3796acb8dcd9,shipped,2024-12-23 14:03:13.850219,65.39,55.0,5.99,4.4
56b13b05-df47-4d32-ad30-50a873fe8544,a1a7b633-5b98-4088-91cf-9a7d053409f5,complete,2024-12-18 11:03:13.850219,54.59,45.0,5.99,3.6
a8107f26-9e39-4be5-83eb-959020f5c21b,b85fa4bc-6a30-4313-95d8-37b4c22d57f1,pending,2025-01-17 15:03:13.850219,154.44,143.0,0.0,11.44
8ed3ec88-e4a6-416b-be9d-49460450a7eb,baf193ec-5204-473d-8096-9704c3099958,complete,2024-12-23 11:03:13.850219,135.0,125.0,0.0,10.0
c93b741c-6e7f-431d-be6d-a458c1d1509c,a36f3f73-244d-40b4-bb72-93e1d5ed691e,complete,2025-01-03 00:03:13.850219,79.42999999999999,68.0,5.99,5.44
28851c18-23ad-4134-95fa-c52d3da9646c,356f567c-d6bf-41b3-ba89-d3b9f159c30d,complete,2025-01-01 15:03:13.850219,76.19,65.0,5.99,5.2
fd958b15-6dce-4a04-8d5b-f7de912cd8ff,71e56952-b684-46be-8e5e-9243c24b3969,complete,2024-12-27 10:03:13.850219,84.24,78.0,0.0,6.24
94c37c41-7a65-4299-bc6e-eb232e58e58f,3c704642-0385-4143-a933-91931996b0d1,complete,2025-01-05 13:03:13.850219,76.19,65.0,5.99,5.2
407f2846-075f-495c-9db9-2d075768cebc,2ffc103a-3a60-4f9f-808f-5af9541651bf,complete,2024-12-27 13:03:13.850219,84.24,78.0,0.0,6.24
1067cb6e-4bb3-4685-988e-4933593f419c,4b9d5650-0286-4287-98a0-06b50ae230af,complete,2024-12-24 13:03:13.850219,65.39,55.0,5.99,4.4
307fa21d-f13c-4f5e-a609-ac6f7cd89c5b,eef56a60-0825-4d98-b171-4f43ee674f1b,complete,2025-01-08 12:03:13.850219,176.04,163.0,0.0,13.040000000000001
823c4443-857c-4ab7-8950-bc08abfe2f2b,1d6f07ce-f50c-4248-bc8f-9523be5c5a1a,complete,2024-12-23 11:03:13.850219,59.99,50.0,5.99,4.0
62afedea-5b17-4ba5-a16b-5aa31b03796c,12de0958-2110-40d9-9110-51ecaaaf4926,complete,2024-12-26 11:03:13.850219,65.39,55.0,5.99,4.4
b50684f0-0fc0-4c29-9074-684a9b1f2f7c,0fa78187-d15f-4f04-a409-b8accc608ae9,complete,2024-12-31 10:03:13.850219,79.42999999999999,68.0,5.99,5.44
270813b6-f7b8-4875-a33e-ec10563c6207,dbc75fbf-1477-4989-842a-fb7ebec944f9,complete,2025-01-09 14:03:13.850219,76.19,65.0,5.99,5.2
4f7a3d09-01d1-41db-839e-30f9e77824a7,e453ab6b-eb76-4201-bd53-6d8e80f1e4d7,complete,2024-12-22 14:03:13.850219,79.42999999999999,68.0,5.99,5.44
1e82d825-40b1-41f0-9ba6-cbd321f565ab,f64d9188-7d1a-46f0-8ae8-96ace7a6c51a,complete,2025-01-14 13:03:13.850219,32.99,25.0,5.99,2.0
3eb1b194-304a-49b7-9f33-1906254e11dd,52480c43-0207-4652-aecb-f90ef897b332,complete,2024-12-20 16:03:13.850219,79.42999999999999,68.0,5.99,5.44
4b615466-6160-4dfd-aefa-8fbe7eb52c3d,46fa857a-d437-4e05-a23e-d7777d75b743,complete,2024-12-23 11:03:13.850219,54.59,45.0,5.99,3.6
e06af1dd-8fcd-4eb0-9b03-32cc9959caf0,813975c3-afc9-4ba1-a3f0-f7a87325199c,complete,2025-01-03 16:03:13.850219,97.2,90.0,0.0,7.2
7fab6ad3-b9b3-4872-87e5-73147718ca07,66c78750-7193-44db-b297-90f94fd240bc,complete,2025-01-13 10:03:13.850219,76.19,65.0,5.99,5.2
74da7d4d-b33e-47bf-a1ba-07f747add5c6,c0bd94c9-1e85-43f1-bd69-0062047e0cc0,pending,2025-01-04 16:03:13.850219,70.78999999999999,60.0,5.99,4.8
94563347-1377-44dc-b65a-0bab5f2d1bf9,d748d568-74e0-4562-84c9-73973f6c1f5f,complete,2025-01-08 15:03:13.850219,76.19,65.0,5.99,5.2
4ff32345-0802-4b41-84a0-60f7939324e7,4a2b61e3-5d0c-4d99-9e0a-3c9414d4640f,complete,2025-01-05 16:03:13.850219,213.84,198.0,0.0,15.84
9e17330e-675b-4fea-989d-000a0ee2f435,66b122ae-0b5a-4e5c-8eb9-42da673f4dcb,pending,2025-01-06 00:03:13.850219,76.19,65.0,5.99,5.2
11417a65-60c4-482d-894b-9cc4e51dfc27,a55e7d5e-5a7d-4946-bc7d-817a607d0888,shipped,2024-12-23 16:03:13.850219,65.39,55.0,5.99,4.4
949c849b-2f40-4372-a860-b95757562272,214d6f4e-a04f-4235-aa0d-e51a6abfc30b,shipped,2025-01-14 13:03:13.850219,70.78999999999999,60.0,5.99,4.8
bcbaf372-0519-4073-a480-8137c39d00a5,69e71a0c-dd8b-4dc1-949c-0bb227487b56,pending,2024-12-30 15:03:13.850219,65.39,55.0,5.99,4.4
78147f17-3806-43bd-bcad-0358c0a2269c,ae937c82-428e-4210-8059-672145fe92fa,complete,2025-01-02 11:03:13.850219,192.24,178.0,0.0,14.24
acc272b4-8a86-4936-806b-e766e728a790,15201e7b-3d0d-403f-b860-aadde7045730,complete,2025-01-01 14:03:13.850219,70.78999999999999,60.0,5.99,4.8
015fb95f-4227-4576-b973-a1dcb92b570c,72d95fab-7bdb-4508-b474-aba6eb324581,complete,2025-01-01 15:03:13.850219,65.39,55.0,5.99,4.4
2a2b5df2-c259-4a1e-9aee-0e2292eeb2c8,09471821-5e20-4ce3-be2c-763d92e84435,complete,2024-12-26 13:03:13.850219,129.6,120.0,0.0,9.6
4ed910a3-6c16-48da-a75e-c7e5ed3653c4,cae97e18-28fc-474a-b5db-16413cc8488b,complete,2024-12-18 11:03:13.850219,129.6,120.0,0.0,9.6
73ea32d5-ea09-4ec2-8cec-55e006bb6d73,70ddacd3-04c3-4259-bcb9-c4b9fed25931,complete,2024-12-27 15:03:13.850219,65.39,55.0,5.99,4.4
8bf7a094-fbaa-4920-8e1d-4ba1f6ad6e7a,e6dad4e4-a8d7-442b-a2ad-6045d9579aaa,shipped,2025-01-12 11:03:13.850219,205.2,190.0,0.0,15.200000000000001
b9093156-354a-4205-85f5-3b3fbf31bf32,3a19c310-35b5-4059-b0e6-738b85387e0d,complete,2024-12-18 15:03:13.850219,156.6,145.0,0.0,11.6
ecb75991-623d-4f76-a0ad-b96a858602af,bf978b32-586f-44a3-8fc9-29f4c58f966f,complete,2024-12-27 15:03:13.850219,76.19,65.0,5.99,5.2
99c3a55e-5019-4fcf-a12c-146a108a0cf2,3556211b-c350-4b67-a4e8-204b99bab84e,shipped,2025-01-17 12:03:13.850219,65.39,55.0,5.99,4.4
7ad21896-dd21-449d-b39c-e4b3b4f3d91a,52d724d9-a6df-4c69-aa1e-bd52ae35c09c,complete,2025-01-08 14:03:13.850219,224.64,208.0,0.0,16.64
91ba19e8-86de-4181-9a1b-21f876e24b9d,2987ff8d-18f4-4f79-9292-247a0f6d79c9,complete,2025-01-02 16:03:13.850219,143.64,133.0,0.0,10.64
0c958c36-50e1-4c09-84c8-d7071a0a1abf,c48846fe-2c95-4867-8877-3178516fb3ad,shipped,2025-01-01 16:03:13.850219,70.78999999999999,60.0,5.99,4.8
b0b7d400-62f9-4447-afc7-f1ad32ec8bcc,9ef7de1e-42f3-4fb3-9452-d38e6697f82e,complete,2024-12-19 14:03:13.850219,76.19,65.0,5.99,5.2
46d0fb79-65bc-4a5c-bcc4-9585d1b2ba88,d14518ab-0d07-4882-b7ef-11b4df961dd5,complete,2024-12-24 00:03:13.850219,76.19,65.0,5.99,5.2
8bfaf32d-acf7-4008-9d74-9c280696684c,1d438620-e183-44af-b2fd-b28d36157545,complete,2024-12-21 10:03:13.850219,76.19,65.0,5.99,5.2
f19be29c-4f32-4419-b17e-50ded021fb88,83d5f3de-8bab-4875-afb0-be8a4320ba21,complete,2024-12-23 11:03:13.850219,68.63,58.0,5.99,4.64
69c4299e-8ca8-4c9c-8432-9e8220e5bdb6,6d0f9a34-06ad-4bd2-b5bf-00097672b156,pending,2025-01-06 10:03:13.850219,105.84,98.0,0.0,7.84
59a8adf5-7cf9-406a-856a-1344bc57f944,81b2d228-a7a7-48aa-96bd-a55a6bff0aff,pending,2025-01-10 14:03:13.850219,54.59,45.0,5.99,3.6
1cb89456-16da-4a4c-98fa-fe95e9f0febb,8a9636fc-0251-43f4-a849-00c87930fbdd,shipped,2024-12-26 13:03:13.850219,65.39,55.0,5.99,4.4
085392f3-9404-4793-815b-80bcf5fe8842,607e12e5-a39f-439a-a399-885c911d4ef9,complete,2025-01-03 13:03:13.850219,140.4,130.0,0.0,10.4
b51991c0-5634-4ab8-9b86-c51ca7b68696,3c825cad-b5f0-47a8-90be-dec7aeb4d899,shipped,2024-12-25 15:03:13.850219,76.19,65.0,5.99,5.2
406ff19e-4eb3-4a36-bc52-138b5575fc05,0346cca3-2399-41e1-b9a7-5f5ee7dbb554,pending,2024-12-23 12:03:13.850219,118.8,110.0,0.0,8.8
70eb093f-c927-4dac-af99-9d8992b244cb,8651e859-3040-427f-b4c4-763be0b93e5c,complete,2025-01-15 13:03:13.850219,122.04,113.0,0.0,9.040000000000001
406e9909-60a1-42aa-b3d6-ec4111790a48,dda08e67-0a17-4580-99cb-f732053c1dae,shipped,2025-01-06 10:03:13.850219,108.0,100.0,0.0,8.0
925dc37d-be99-4f11-b187-cb75cd3ffea1,5f110fac-31ee-4569-bcf4-bfc42b842170,complete,2025-01-16 00:03:13.850219,140.4,130.0,0.0,10.4
68aa4899-d02e-4fbe-a7a7-88522d62dc48,2e5ee0aa-435d-4935-a73b-82485a0bc191,complete,2025-01-14 14:03:13.850219,59.99,50.0,5.99,4.0
0ae5052b-d7b1-486c-8532-7dd94f891f86,c6896c38-b1bd-4651-bbac-744ffd61607d,complete,2025-01-10 00:03:13.850219,76.19,65.0,5.99,5.2
15ac6203-9e9f-482c-b712-88fc8c74f57d,7a46bd3e-8cab-46ca-8120-6e3f77213806,complete,2024-12-26 10:03:13.850219,84.24,78.0,0.0,6.24
d2be7a23-5f83-456b-a351-4718d41d8462,8a2bc9ee-4bdc-4c2f-a881-0aa98a7a6440,complete,2024-12-25 12:03:13.850219,81.58999999999999,70.0,5.99,5.6000000000000005
2c67fffd-84e2-4032-8805-c5430ab242e6,06089dcf-cf32-4a2e-83cf-70a80fdf2c7a,complete,2024-12-27 13:03:13.850219,54.59,45.0,5.99,3.6
e76a1644-7040-4a51-b996-78d39a989d5a,392d53fd-a158-4edc-9e05-1aa11ba749e2,complete,2024-12-20 15:03:13.850219,76.19,65.0,5.99,5.2
73abe49c-0b1b-4222-90b5-a6d2262fb6e5,57574174-4b1c-488d-9293-d96c3c36e85a,shipped,2025-01-10 14:03:13.850219,65.39,55.0,5.99,4.4
d605c25d-9dc1-4f18-bf72-f1f19d8a0154,85b97fcf-e335-4367-931e-2bf07838a9e3,shipped,2024-12-24 12:03:13.850219,76.19,65.0,5.99,5.2
6fb519d5-ef45-4912-b9c6-c5b5464dac19,cf72be84-6a0b-4fdb-90f7-617dab451c56,complete,2025-01-16 16:03:13.850219,59.99,50.0,5.99,4.0
85469a4e-efe1-4925-8458-f047f40476e1,3b6161f3-cce5-473a-a1da-41b40f3c3a90,complete,2024-12-24 13:03:13.850219,65.39,55.0,5.99,4.4
4b3871bb-97cd-4ea7-8cd3-d7a41d207688,224bdb88-c832-4caa-b429-1f7983614db9,complete,2025-01-14 13:03:13.850219,95.04,88.0,0.0,7.04
55b333df-d229-44d8-98f2-f7105cb180c9,0693efa9-9b48-4eb9-92ee-788269087911,complete,2024-12-26 16:03:13.850219,199.8,185.0,0.0,14.8
0a0aa53d-43fb-44c3-90ed-db9a03ade327,0a0cba0b-30ca-4c58-a090-b0e18ec23164,complete,2025-01-14 15:03:13.850219,76.19,65.0,5.99,5.2
be57284d-790f-4e05-85b4-5a583e55ad25,23a52669-4959-444f-a648-cad8551ab2f6,pending,2024-12-30 11:03:13.850219,65.39,55.0,5.99,4.4
7c0384f3-17a5-4018-9894-787e776ad08e,6b5faeb0-5b4b-4cc0-b21c-802364fbd2ab,complete,2025-01-16 00:03:13.850219,70.78999999999999,60.0,5.99,4.8
d8169a4c-3f8f-4dcb-b693-8aecca6c6049,f9a7e9ae-0196-4e7d-9154-bc9b4ddd7d17,complete,2025-01-11 14:03:13.850219,79.42999999999999,68.0,5.99,5.44
19938d5c-b649-4ad1-b70f-7d4454343b4a,526013e1-2040-4dcd-b5ec-641747ea9490,shipped,2025-01-03 16:03:13.850219,140.4,130.0,0.0,10.4
49c12cff-88bf-4d64-98e8-c1c02d8bdbc7,72b97f54-161c-43a6-88f9-3ce935157398,complete,2025-01-03 14:03:13.850219,65.39,55.0,5.99,4.4
9646aadf-a911-42ff-9889-8dd08eaa159d,2383dd86-12d1-4dfc-b873-828179d6d5d7,shipped,2025-01-09 12:03:13.850219,76.19,65.0,5.99,5.2
c13bd64d-6727-4337-89b2-3f398534ad28,a2ed841e-2e9a-43cd-a3b9-0d284326fd40,complete,2025-01-16 12:03:13.850219,159.84,148.0,0.0,11.84
b1fce903-f4c9-45cb-b22c-cf1bbd33fd0c,07fcb12e-8f58-4c10-b67e-841b51a0899d,complete,2024-12-27 15:03:13.850219,132.84,123.0,0.0,9.84
316f664b-d0f5-4542-a449-7245981af553,55c18201-122f-478e-a553-aa6344b9d363,shipped,2024-12-31 12:03:13.850219,140.4,130.0,0.0,10.4
70c41aa1-42ed-414a-8ae0-5546fb7df944,56886f93-d177-41f7-b9ed-3989f7c5d0ba,complete,2025-01-13 13:03:13.850219,76.19,65.0,5.99,5.2
423113e0-9001-4772-a2b9-01df6af00fce,11a18078-bfc4-4da6-bd1c-52cff748f9de,complete,2025-01-01 10:03:13.850219,192.24,178.0,0.0,14.24
39704d6a-96d3-4881-91ec-cd3cbc367e1c,ef1418c7-7237-43f3-8c4b-d4a8fb8f0c2d,shipped,2025-01-08 15:03:13.850219,95.04,88.0,0.0,7.04
e6b6dcc4-c0c9-405a-a66e-5b1044fb5dfc,4b190169-45f8-43fa-b29a-fd097d28da54,complete,2025-01-15 00:03:13.850219,76.19,65.0,5.99,5.2
0f9539e0-a37e-46dd-ae8a-6cb1a8c31d12,c663888b-6e1f-42b5-8d41-7c8ccb01820e,complete,2025-01-03 13:03:13.850219,76.19,65.0,5.99,5.2
25586a85-98d4-47a4-8391-489612cab199,9d530e55-4c71-4198-a83f-93a8cfb3cae5,complete,2024-12-26 15:03:13.850219,65.39,55.0,5.99,4.4
167cf70b-19f1-4ca9-b9c8-e3807823ca59,9cf3b84f-cabb-4826-8815-4ebd69e6adc1,complete,2025-01-02 14:03:13.850219,65.39,55.0,5.99,4.4
7e111e60-8602-41ef-8ed4-795d0d6ab6a5,bdb5db42-29e2-45fc-8c6f-a7f271c8d8e6,complete,2024-12-30 15:03:13.850219,95.04,88.0,0.0,7.04
40ddabb6-2371-472b-9523-03cc38438efc,45a95ab7-d2f6-4998-a80a-e26ed326a5d1,shipped,2025-01-03 13:03:13.850219,76.19,65.0,5.99,5.2
0f1e040e-be64-435c-8fe0-87033a655fc5,eb4d2b0c-5fcc-410b-b87e-e38a9217509c,shipped,2024-12-21 00:03:13.850219,54.59,45.0,5.99,3.6
7d5fe137-1ab9-4634-9224-29b886266271,3616f2fd-5f08-4a17-b3c0-b249df7ca537,shipped,2025-01-07 13:03:13.850219,76.19,65.0,5.99,5.2
d0fbb50b-3912-4c74-9b54-7f0464a12e2b,d9b0948f-edd7-43c3-97a4-a368a55f44ee,shipped,2025-01-08 16:03:13.850219,76.19,65.0,5.99,5.2
a08a798f-5ff3-4dbd-ad16-2df5213a735c,1cf1de8f-01a8-409d-acd2-ed149f41e5dd,complete,2025-01-03 13:03:13.850219,32.99,25.0,5.99,2.0
4b76f10e-dde1-4a67-beef-5a2a722d7be2,4e1d2eea-23e1-4836-a390-991dff42e2e7,complete,2024-12-29 12:03:13.850219,76.19,65.0,5.99,5.2
a4851563-3653-46fa-9336-37d914fb50fa,b11df2a4-0ece-4772-8622-bf02d9d8d3b6,complete,2025-01-07 14:03:13.850219,76.19,65.0,5.99,5.2
277928e1-9c5a-4bfd-8be1-5b00e1f760fe,261649fe-b55a-4eba-865a-2e526d60dd26,complete,2025-01-07 13:03:13.850219,76.19,65.0,5.99,5.2
04575881-379c-4ee9-9dbb-706c4a55c1db,d50db6e6-04ea-41e5-9779-0f098f58c90b,complete,2024-12-27 00:03:13.850219,65.39,55.0,5.99,4.4
778270fa-dc3c-4bbb-bece-2d4859427060,9512bf06-aff8-4779-9fe0-c2ee42191a5d,complete,2025-01-11 14:03:13.850219,65.39,55.0,5.99,4.4
feb9094e-41b5-4c06-b2c5-a902189745e4,640b6b18-c211-4e25-9b21-7b4b68b57c6e,pending,2025-01-16 16:03:13.850219,65.39,55.0,5.99,4.4
707ebbdb-4ef1-4cef-bcaf-c9a0f5290f73,69d51633-9339-4ed0-bf39-0ed489a39c48,complete,2025-01-04 11:03:13.850219,227.88,211.0,0.0,16.88
2a908e98-cee6-4315-bb35-edf4e795f739,c579f757-566a-4957-829f-47eadd188912,complete,2024-12-21 11:03:13.850219,76.19,65.0,5.99,5.2
ea88f715-c80d-4078-a591-cefd93388fd3,590ad385-c8a5-4a3e-98f1-f592eca9bcb1,shipped,2024-12-26 14:03:13.850219,59.99,50.0,5.99,4.0
e296b87e-0b22-4b7c-b8ca-cc3baefd9437,988dd5a7-74c8-4540-a669-0fcd5a6ce26f,complete,2025-01-05 10:03:13.850219,65.39,55.0,5.99,4.4
74cf6ae0-d9c3-4530-8302-e45741968897,70be6b88-65b5-4586-8025-413d6b0ed2f2,shipped,2025-01-07 12:03:13.850219,76.19,65.0,5.99,5.2
74cd658d-92e7-4475-ac2b-f961d04c38e8,46cde9a0-2602-43f1-88bf-87e0598130c1,pending,2025-01-03 15:03:13.850219,154.44,143.0,0.0,11.44
01c6c9b7-ac9f-48b7-a5dd-3558476ff33f,852a396d-a40f-48cc-8638-74d855574649,pending,2025-01-01 11:03:13.850219,118.8,110.0,0.0,8.8
d415c1f1-05dd-4925-84c3-fd1a0dde1d45,66f0c68b-2f4e-4af1-bcdb-1277603f4f62,complete,2025-01-17 16:03:13.850219,76.19,65.0,5.99,5.2
5631110b-15de-4ff5-96c1-192941abe2d4,e8f53fcb-434a-4b0f-868c-a9dc7b746f0c,complete,2025-01-02 15:03:13.850219,65.39,55.0,5.99,4.4
b7c1d1af-059f-4511-bb85-dd8a373520e4,0ed5673e-3151-47cf-a2d6-01f83d0b19d4,complete,2024-12-31 13:03:13.850219,76.19,65.0,5.99,5.2
fd0b99d3-c826-480b-af20-6f7439ba8fff,0208ac1a-8a3b-4a5a-90c2-ed15a7f0adef,shipped,2025-01-01 16:03:13.850219,76.19,65.0,5.99,5.2
4fb16914-4ede-4dce-9456-a63eadf8c874,4fc35ffe-92b6-494d-9997-9a9995445811,pending,2025-01-16 16:03:13.850219,70.78999999999999,60.0,5.99,4.8
2722fe20-441f-42ef-b014-88bddf465916,c2191ec0-fe59-455c-af6d-0e8cf3b15cf4,shipped,2024-12-24 13:03:13.850219,129.6,120.0,0.0,9.6
e8ef8ed8-b1e7-49ee-9293-f7f4b6d1c752,95323abd-48a6-417b-9401-b3ecab5d9933,shipped,2024-12-20 16:03:13.850219,210.6,195.0,0.0,15.6
6e5ca0ec-ec3c-44f1-adc4-5017d91f0a62,a677dc9d-7f26-4966-8ec3-b83b10b5d4ad,complete,2025-01-17 10:03:13.850219,70.78999999999999,60.0,5.99,4.8
f73386e5-08ff-4c5e-990c-61695d10ba3b,e051c911-bc1e-4b5d-b8e1-7255ef4b62fd,shipped,2024-12-31 13:03:13.850219,76.19,65.0,5.99,5.2
2cc389f6-ef67-4ef3-a4bb-b0cc766ee0c6,c79714c8-1428-4b6b-ac65-628c5a3f02cc,shipped,2024-12-30 13:03:13.850219,65.39,55.0,5.99,4.4
aa5c42f7-dff3-49cf-9486-8727ebe17250,66026d59-ed03-4141-9e80-9780510dc842,complete,2025-01-07 11:03:13.850219,153.36,142.0,0.0,11.36
d9032e5b-d55d-468c-8f2e-227270dbb8d6,f8ce0f19-b99c-4533-b634-045076521db3,complete,2024-12-22 11:03:13.850219,59.99,50.0,5.99,4.0
d8f6dc34-adcb-4d85-84af-2f878bfb401d,010ee4de-6263-4e2c-bb81-86c3647a658b,complete,2024-12-28 10:03:13.850219,84.24,78.0,0.0,6.24
3f736206-ea5c-477c-9304-8f382ed9b405,f9c276b8-e6ea-4d28-b00a-67a5bc2b5622,complete,2025-01-04 14:03:13.850219,79.42999999999999,68.0,5.99,5.44
2808a6d7-410d-46e4-86a1-962c6c132e33,bfbcbb68-2329-4d35-ad04-d4818f8c0645,complete,2024-12-29 10:03:13.850219,76.19,65.0,5.99,5.2
d7bf47de-0f1c-4d14-abcc-ae67b32cc524,afa8301b-0773-41b5-a1b6-b7ff5e6ac240,complete,2025-01-13 10:03:13.850219,76.19,65.0,5.99,5.2
00d87810-4432-40e9-bfd6-875a5b6f8d78,33d2b9c2-632b-47b0-92e3-17c214254abc,complete,2025-01-09 10:03:13.850219,186.84,173.0,0.0,13.84
2c3b6f5f-2829-49ca-9f8a-3d5f187c9b99,cc9f670b-54e8-40e3-8de1-ac7b84a19b05,pending,2024-12-30 14:03:13.850219,65.39,55.0,5.99,4.4
957c3ce6-c177-4ab8-88ee-1bcc2e2f2b34,88f85912-6bde-4534-ac68-16a6bdb1df1d,complete,2025-01-02 14:03:13.850219,79.42999999999999,68.0,5.99,5.44
8b3a5a7f-5bd0-40df-89f9-b26e92309e61,d8e6fc7a-13b8-4b40-ae59-e5fd0cf30dd7,complete,2025-01-10 00:03:13.850219,280.8,260.0,0.0,20.8
39ce582d-81a9-411b-a518-88ae80d47a48,b706b33f-54b7-4ddd-b62c-9c3cc500e7b8,complete,2024-12-31 14:03:13.850219,86.4,80.0,0.0,6.4
2c0732b2-2264-43ed-8021-18bce0cf8ee5,c23b5e8c-33ba-47c2-b34c-86e2358425f6,complete,2025-01-01 14:03:13.850219,154.44,143.0,0.0,11.44
504781fc-c4ba-4907-8d99-cfc009adea04,2f6dbcb4-fd6e-4828-953c-e3b3cbe4593c,complete,2024-12-30 11:03:13.850219,76.19,65.0,5.99,5.2
a6f2c8ed-9b8f-4d90-b2e9-abdf345a61bd,6233edbe-c595-4ec0-88d2-c5bae24fc4d4,complete,2025-01-09 11:03:13.850219,65.39,55.0,5.99,4.4
4713ced0-35c4-421d-9e4d-9ead2eec0387,65588e15-a70e-4774-a106-0215f1cb9cb2,complete,2025-01-07 15:03:13.850219,76.19,65.0,5.99,5.2
f454ed5f-b4ce-4955-8716-fc880c137e74,c2c9d95a-f699-4af7-8fad-33f4c44b9a48,complete,2025-01-03 12:03:13.850219,65.39,55.0,5.99,4.4
ce9e12e9-bc7b-4e9e-9bc5-2a4263de6b21,054f3305-5976-4d7c-a926-6108a97871d2,complete,2025-01-03 00:03:13.850219,76.19,65.0,5.99,5.2
c9513d3f-709f-495c-be48-289446ce9dea,012f0d51-8404-4db9-ad25-86b27a6b0876,shipped,2025-01-17 14:03:13.850219,18.950000000000003,12.0,5.99,0.96
3831f27b-78d9-4387-8068-418504cb3191,26652ceb-4ead-4a44-9c3c-d50718a103c9,shipped,2025-01-03 13:03:13.850219,76.19,65.0,5.99,5.2
5ab10811-2288-4c1d-a3b1-63ac7a14b125,cc732bdd-c684-48ff-84f9-53cb491d8805,pending,2024-12-29 11:03:13.850219,65.39,55.0,5.99,4.4
5d9a4904-5a62-4967-bfb6-125120720f93,71161960-81c6-4546-ab17-66d4fcffd0e0,shipped,2024-12-22 12:03:13.850219,76.19,65.0,5.99,5.2
44ded783-f519-4fba-bb75-f28f4f1050f0,c9f8d889-7d99-48d2-8e76-1a3f82dcd52f,complete,2025-01-17 16:03:13.850219,32.99,25.0,5.99,2.0
1aa7173e-bec0-4221-8034-dcb8dec68420,daa3bdfb-76b6-46be-99c4-e73bc4f3b794,complete,2024-12-22 00:03:13.850219,79.42999999999999,68.0,5.99,5.44
5c212183-03cc-472e-b5ac-446ec84f41dc,3e8e91a4-b9c6-486d-9070-1595410317c7,pending,2024-12-25 00:03:13.850219,79.42999999999999,68.0,5.99,5.44
1e082a4f-a645-4f48-bfd2-2e6f27fc6fad,220a0e98-2537-4743-a58d-328e34c51062,complete,2024-12-30 13:03:13.850219,129.6,120.0,0.0,9.6
b5200419-482b-49ac-a149-dcd9c61c0b49,ba6f2e2b-a2e4-40fc-9d13-cac23a15aa1a,shipped,2024-12-29 12:03:13.850219,157.68,146.0,0.0,11.68
22aa024a-4112-4962-9572-1d830c5760b8,22369e35-bd65-4695-8fdc-7e1d1b4be52e,shipped,2024-12-31 13:03:13.850219,54.59,45.0,5.99,3.6
8e94f3b8-09fd-4c28-b0fa-4aeebf3f0d90,bcd75704-af2a-4a18-a78f-00f9f6f710d5,complete,2024-12-24 10:03:13.850219,65.39,55.0,5.99,4.4
45e89fc0-bc79-4bd4-8e5c-bf877177c1b5,0ec96696-d8ad-44aa-8ca9-af399614dbe2,shipped,2024-12-23 15:03:13.850219,65.39,55.0,5.99,4.4
b3d08e4d-be3f-484f-a8fa-5b992b796727,900b1dd5-c0c9-4a0a-96b2-a1d82c513895,pending,2025-01-15 10:03:13.850219,95.04,88.0,0.0,7.04
eae36e83-9f6b-412b-ba69-fca2cab5bbea,29440561-beb8-4626-bd1b-401223680809,complete,2024-12-25 00:03:13.850219,79.42999999999999,68.0,5.99,5.44
ef7e9cf1-072c-47ba-bf2f-87226bf77301,934266fb-ab32-435f-a2b2-ac67507ee171,shipped,2024-12-31 15:03:13.850219,76.19,65.0,5.99,5.2
a54637ca-d9d9-4d6d-8e96-82e0e45ae627,340c65c0-1403-4667-8a76-f3942dbd5ac7,complete,2024-12-26 12:03:13.850219,76.19,65.0,5.99,5.2
6ed091b6-2ffb-4203-8101-3d1c592a2aef,e92d6aed-4dd7-4111-bcbc-ccd678c234eb,complete,2025-01-15 11:03:13.850219,59.99,50.0,5.99,4.0
249e5392-91c8-4d82-8c19-02a402791b38,22375f9e-7376-422f-9dae-5f06b41bed95,complete,2024-12-21 12:03:13.850219,118.8,110.0,0.0,8.8
b3ca98b8-6b92-4297-95ea-5e7dc9f46458,7518231e-275f-4eef-a64c-139ae78e762c,complete,2025-01-01 14:03:13.850219,76.19,65.0,5.99,5.2
4b654965-9d60-4646-b823-8815be643d88,5830f076-6e87-4515-8def-6974b6c0ab1f,complete,2025-01-04 16:03:13.850219,65.39,55.0,5.99,4.4
c573e010-5825-4cf5-bff5-57430dde92f9,8e14d4b9-88b2-4081-afaa-42076fdff888,shipped,2024-12-23 13:03:13.850219,65.39,55.0,5.99,4.4
4168e73a-a40e-409f-82bd-d8b92d56f31f,96e7617c-3417-4689-8f25-37c6bcf2e0a8,complete,2025-01-09 12:03:13.850219,59.99,50.0,5.99,4.0
04f41abd-a418-404e-b10a-94dc9f26e782,61e2706e-7a7c-4531-99a4-d7a0bc7cb598,shipped,2025-01-17 13:03:13.850219,70.78999999999999,60.0,5.99,4.8
b02add19-de7c-4c04-9046-e0949ca9aa0d,592617ef-9b1f-4481-94af-aec26f1b1146,shipped,2024-12-18 13:03:13.850219,79.42999999999999,68.0,5.99,5.44
1a184f10-5129-4eca-bca6-32adfc4f11ec,c1f0b0f0-69e9-4fd4-ad8b-9eabbfdbcb85,complete,2024-12-23 16:03:13.850219,76.19,65.0,5.99,5.2
5be3bfc6-29b1-45a4-a9d9-eb0507c2e7b7,a6c0dd07-e2c2-4120-a1ef-2b505fc3ce96,complete,2025-01-10 12:03:13.850219,65.39,55.0,5.99,4.4
cb772215-b001-456e-a929-f63595ceb238,256d5451-f2e4-40e8-b22f-5d7a6f903c5b,complete,2025-01-16 16:03:13.850219,65.39,55.0,5.99,4.4
66919b70-736d-4754-8119-33d45d0043c7,0a442004-a9b1-4c11-b648-f440651e6305,complete,2024-12-19 16:03:13.850219,32.99,25.0,5.99,2.0
0b7c5a62-97f7-414b-8476-efe422880591,4fb6982b-4f0e-4e18-89e0-20f41d36c533,complete,2025-01-01 10:03:13.850219,70.78999999999999,60.0,5.99,4.8
3e6314b1-f476-401e-b768-67bfa8f7c9c8,6033148a-0b75-436c-942b-757e075bff72,complete,2025-01-10 16:03:13.850219,76.19,65.0,5.99,5.2
ca0005f8-dee2-423f-95f0-e930ab869621,45dffd89-e4e0-42eb-840f-be3148342c67,complete,2024-12-20 16:03:13.850219,65.39,55.0,5.99,4.4
60d288e2-d4b7-4083-99bc-7f46d9855d7e,209d69d5-5c13-4492-80c7-0d51ac0fc7bf,complete,2025-01-03 15:03:13.850219,132.84,123.0,0.0,9.84
a9003040-06a5-416d-8f86-a20e1f92f43d,6e1d677a-946d-40f9-85a1-be5c1fd2128d,pending,2024-12-22 13:03:13.850219,76.19,65.0,5.99,5.2
4fbe4b17-f5ef-4a4d-a349-3d2539aeab51,c6e5832e-cd59-47c0-8bc8-12ad5ed0d839,complete,2024-12-26 13:03:13.850219,76.19,65.0,5.99,5.2
424523dc-9b1c-4017-b768-beb74218b9de,3300b06b-7105-4094-a94d-9edd7caec7bf,complete,2025-01-01 16:03:13.850219,100.44,93.0,0.0,7.44
b850fcda-4a9f-4f21-bf40-6f1d1aeee64a,e976a0fc-8b90-4250-8419-d6286afb5e5b,complete,2025-01-06 16:03:13.850219,76.19,65.0,5.99,5.2
37d36130-3e3e-4654-bd9f-b63cc7c4cce8,44d2d0c3-83be-4a7f-a012-f40f616bd443,complete,2024-12-19 15:03:13.850219,76.19,65.0,5.99,5.2
7c8c75f6-2428-45b7-9281-d2b15366bee1,093cc049-f073-4caf-ae9b-5dac5a331444,complete,2024-12-27 11:03:13.850219,129.6,120.0,0.0,9.6
9287eff3-a737-47dd-9933-034d7b8bde14,987b6cb4-d257-4fff-ab66-addf4d380963,complete,2024-12-20 13:03:13.850219,54.59,45.0,5.99,3.6
fa379b6e-9c0a-426a-869e-d1ccae464e20,7a2ab9de-f93f-4b52-b8dc-48bc3cc9a8e2,complete,2024-12-22 10:03:13.850219,129.6,120.0,0.0,9.6
dd11d010-8162-4f30-b878-4182441eda82,bd46bb1e-a066-4331-9a6f-d2868f579224,complete,2025-01-11 00:03:13.850219,76.19,65.0,5.99,5.2
22c2d7ca-5c65-47b5-9977-92467651ebd9,a53bc66d-5f99-42be-82fe-040e7fd8bcea,complete,2024-12-29 15:03:13.850219,84.24,78.0,0.0,6.24
a31e1ba0-59fa-49ec-a3b7-eb108719ef3f,b92b60f2-d1ce-41d2-9925-0750b7d2bceb,shipped,2024-12-29 14:03:13.850219,67.55,57.0,5.99,4.5600000000000005
048a4be5-cdef-4d56-8ef8-dd69db34a76b,ac243514-5cad-40b3-b756-e82efd37fbe1,shipped,2024-12-18 16:03:13.850219,59.99,50.0,5.99,4.0
cc1424d9-c619-42b8-92bf-e4aca015b7fc,69518bd9-5866-4b34-9c97-ea2149616ec7,complete,2024-12-31 11:03:13.850219,135.0,125.0,0.0,10.0
847b1d66-fc70-4dac-80a5-c4cb35d5a7cc,49674d04-00ec-40da-8c2d-05bf5f42e5cf,shipped,2024-12-20 13:03:13.850219,76.19,65.0,5.99,5.2
d978a29b-b3b2-4cec-9321-668fad6a4664,1a3bbedb-c952-498e-b62c-887132691309,shipped,2024-12-27 12:03:13.850219,84.24,78.0,0.0,6.24
123f54cd-5bb6-4f19-ad79-6231f166e5df,3b5ade35-fdd4-4ba9-8bd2-8517ed674aa3,complete,2025-01-15 00:03:13.850219,76.19,65.0,5.99,5.2
7b5c433d-34c1-425a-9318-a2cc7cb94a44,fc3f7bcc-0432-4e73-8011-8caee46ecd9e,complete,2024-12-31 13:03:13.850219,76.19,65.0,5.99,5.2
e2088558-26ff-4e5e-a45e-fe5e07ab62d7,2cf8b44a-b0dc-4fd9-b8e8-fb56437dbcfb,complete,2024-12-26 12:03:13.850219,129.6,120.0,0.0,9.6
cc5150ad-f0f4-4357-b5ef-79989020c106,0f7f682b-4f8b-41cb-8d2d-f48ad2dbf186,shipped,2025-01-06 12:03:13.850219,76.19,65.0,5.99,5.2
e0aaeb07-7b48-4830-884c-b12613bbaf38,f43dd194-e6b2-4775-9562-134171318b00,pending,2024-12-29 10:03:13.850219,95.04,88.0,0.0,7.04
146238a2-96d0-478a-a3ca-b508ff1207b1,745b2b75-6804-423c-9ca3-81efc703148e,complete,2025-01-03 10:03:13.850219,76.19,65.0,5.99,5.2
dfec1084-5713-439f-9fe6-a604c5eb9794,ab6431fd-1800-4288-8ded-9393bb8590a4,complete,2024-12-18 15:03:13.850219,105.84,98.0,0.0,7.84
6a730f09-1d1e-4faf-a773-eccf01610d98,7e43410b-8ea7-4461-a81d-c63d7f4d82cb,complete,2025-01-08 10:03:13.850219,129.6,120.0,0.0,9.6
18eea836-502e-4369-8e18-9798b1790b8c,7bd49229-d1c4-49e0-903b-69e6d9ebec08,shipped,2025-01-04 14:03:13.850219,140.4,130.0,0.0,10.4
a5ec8784-53ac-48b8-9ad0-d548c1e35e15,3a8d1379-41ff-4099-ade4-0fa19d5507f0,pending,2024-12-29 16:03:13.850219,32.99,25.0,5.99,2.0
99923274-dd95-4cce-b76f-129c93c5a42d,0cf8a04c-6ece-42f5-a9c5-a81e3996d73f,complete,2025-01-16 12:03:13.850219,140.4,130.0,0.0,10.4
b90bc575-c25e-4bf2-987c-7e802db7d53b,70e5871d-3927-4df9-a72d-2b457310d217,pending,2024-12-24 12:03:13.850219,178.2,165.0,0.0,13.200000000000001
8400135b-3a5f-4f2f-b5ad-a899b5f5edd9,30636d46-8209-4029-8d81-0e6f2b52d64d,shipped,2024-12-22 11:03:13.850219,76.19,65.0,5.99,5.2
bb121c66-6850-4263-b350-7f4352017e58,c45ba018-2e81-44db-88e8-fd2ca28c5017,pending,2025-01-03 00:03:13.850219,76.19,65.0,5.99,5.2
ecec343c-2fcd-4086-969d-6dc7214a4baa,8225b05b-98f6-4aae-b9fe-cd6eba51f5b7,complete,2025-01-12 12:03:13.850219,76.19,65.0,5.99,5.2
79241f77-0f8d-49f4-a616-310455b5a475,e325ace0-2565-4b46-a620-e615fd6a3524,complete,2024-12-19 11:03:13.850219,76.19,65.0,5.99,5.2
7ad9828d-88af-48c6-ae2a-706733b7be6c,887cd569-b7d1-44fb-b683-f87cb438b86b,complete,2024-12-26 14:03:13.850219,140.4,130.0,0.0,10.4
e28bcb26-cdf2-4787-b586-a57a1672322d,1669e89a-6fa8-4cc4-9f9f-14fce6946b01,shipped,2024-12-21 11:03:13.850219,125.82,116.5,0.0,9.32
af59a455-4260-4fca-ae44-02866690b1fb,d3f028ae-5420-4d32-bc2d-0b6a1dcf39ee,pending,2024-12-18 13:03:13.850219,105.84,98.0,0.0,7.84
cec821ac-1cd6-401e-9ec3-c89f7fc48469,fe67311a-cc07-4cc8-8e82-60af14458c11,complete,2025-01-10 00:03:13.850219,154.44,143.0,0.0,11.44
3daad222-2d5e-44eb-a6fe-75f6c817a090,4820b2f6-b18a-4e9f-8de1-aa5945b0c0d1,complete,2025-01-01 10:03:13.850219,76.19,65.0,5.99,5.2
fcef1f9a-a506-4ef3-b4b7-f2f759c146a2,b1f37c3e-43ee-4799-9654-28c7b8bc833f,pending,2025-01-01 11:03:13.850219,76.19,65.0,5.99,5.2
d2d93982-1552-42c4-aa39-8f9a641f47e9,0c15203d-7c49-4556-9e1d-4c490f77c7aa,complete,2024-12-27 16:03:13.850219,124.2,115.0,0.0,9.200000000000001
92a17452-a0e4-4b54-8dfe-0600f76f6bc8,9339005c-24ed-4f24-bc7b-057dc7829443,complete,2025-01-01 10:03:13.850219,124.2,115.0,0.0,9.200000000000001
b21d40b0-2aeb-4322-8510-64fde0e51d72,6f2d5f10-b73f-4d13-a6ed-068c111ac7be,shipped,2024-12-23 15:03:13.850219,76.19,65.0,5.99,5.2
97e16368-6190-4912-89e0-a67f5cb5ac51,a97fab4c-6466-4e7c-9bf1-1a40611974c5,shipped,2025-01-05 14:03:13.850219,217.08,201.0,0.0,16.080000000000002
8f5bb36a-85d0-4d2e-ae0f-a628ec5d1242,2b18c282-5086-4225-88f5-a57a2a23455b,complete,2025-01-10 13:03:13.850219,59.99,50.0,5.99,4.0
c70a6bad-4fd7-4db0-97b3-8ffc5b9b2987,24d1ac17-f883-43b6-9b94-c7364587bc6d,pending,2025-01-16 00:03:13.850219,76.19,65.0,5.99,5.2
f240dbd5-7df2-43e7-b359-475c5d1d5731,35dd2f3a-c5dd-4f1b-91de-119cc195f840,complete,2025-01-07 11:03:13.850219,129.6,120.0,0.0,9.6
3c73f267-4e56-4e79-8d2d-0e46e3534da2,eb3cf736-2613-46c7-9d59-2566d389a67e,complete,2025-01-09 14:03:13.850219,76.19,65.0,5.99,5.2
48a10e40-7f1c-4de7-bf28-2d0987b833a8,f9f69c0c-5352-47cc-967e-a75915f69872,shipped,2025-01-15 12:03:13.850219,76.19,65.0,5.99,5.2
b1d293f1-a66e-402a-b6bf-4cff308e3f77,f1e570b4-c81b-4e3f-aa7a-6cf6e4db0cc2,complete,2025-01-04 16:03:13.850219,129.6,120.0,0.0,9.6
6fbbaf60-f629-4d08-8d7a-5de0707ceba5,a98a1da0-6f1a-4777-a679-fb3014a03da1,complete,2025-01-09 00:03:13.850219,76.19,65.0,5.99,5.2
e3adb512-91ef-40ef-ad32-464fda9459d2,6f986875-f9d2-4345-a64c-defc7725862e,shipped,2025-01-06 16:03:13.850219,146.88,136.0,0.0,10.88
6360a838-7e33-4108-bde4-4827de04ab7e,b7f3c3f8-c21e-4284-aa52-41afc2a3038e,complete,2024-12-21 14:03:13.850219,65.39,55.0,5.99,4.4
d42f1c53-6830-4a98-82c5-ed69e8359d24,e66772fb-815e-4fbb-bd72-fc0be63f8ece,complete,2025-01-08 14:03:13.850219,65.39,55.0,5.99,4.4
d1fcd909-6ed1-4732-82d4-86e86a346a4d,edf85d2f-647c-4769-a44b-1d1ee3c8814b,pending,2024-12-19 00:03:13.850219,59.99,50.0,5.99,4.0
87408028-dc6f-4831-9fd7-56461e98a667,6913058f-8594-4562-b3b4-e2fc4a1f3441,complete,2025-01-08 11:03:13.850219,108.0,100.0,0.0,8.0
34501e8b-a546-4e2a-852e-b9b46dedf2bc,90a55e57-4fd7-44c3-a74d-541122f3786b,complete,2025-01-06 11:03:13.850219,189.0,175.0,0.0,14.0
c9e8639a-d014-44fd-b36d-8145c9bcdcb4,5dd2078d-80ee-46cd-b871-bf31d096238f,shipped,2025-01-16 12:03:13.850219,140.4,130.0,0.0,10.4
22afd792-dc2b-4731-ab9a-f8526ede2a6a,2d9ca507-f4b9-4718-9204-b5565e744694,complete,2025-01-08 15:03:13.850219,108.0,100.0,0.0,8.0
a75e78d0-c45c-4dcb-b4c3-71ba97a9eb40,d722d4f0-b723-4043-83b1-88ad7cd67bd4,shipped,2025-01-06 14:03:13.850219,76.19,65.0,5.99,5.2
af376981-8c06-4a3c-9843-4d0a84cbe068,99f3fbb9-e410-4e88-95aa-28930e491909,complete,2025-01-07 13:03:13.850219,76.19,65.0,5.99,5.2
f663194f-334a-4ac3-9c17-ed030ae17e8a,921b784f-d9d9-40ea-b96f-c0657a8ec058,complete,2025-01-02 10:03:13.850219,76.19,65.0,5.99,5.2
06682693-8351-49a0-86af-a5c408ac1300,05c688ec-ea82-4083-a6f8-a545638a0a3d,shipped,2025-01-05 16:03:13.850219,14.63,8.0,5.99,0.64
07711f32-12a4-4f8c-9304-4ed86d3b1ee5,75aefc02-30b0-4484-9649-435ed61a52a8,complete,2025-01-02 13:03:13.850219,76.19,65.0,5.99,5.2
4c3d3b02-ca17-4a1f-8f2b-7e0c39766df4,df8f494d-7354-4404-985d-9cc5138ea2bf,shipped,2024-12-31 11:03:13.850219,178.2,165.0,0.0,13.200000000000001
25d22631-47aa-45ac-bb96-cdee5b7ad7b2,1d802caa-4f78-4bb6-8b1e-ea09c7560a69,shipped,2025-01-15 16:03:13.850219,105.84,98.0,0.0,7.84
8676acb6-37b2-47c2-90f8-fe70b18c6e1e,1bca8166-34b1-4eb0-a410-5241b10288e6,complete,2024-12-20 14:03:13.850219,113.4,105.0,0.0,8.4
d3bfa4f0-f842-44e0-9371-9b5350ccb4f5,8e1ee4f8-4486-488f-ab65-144fcb8552fe,complete,2024-12-20 11:03:13.850219,65.39,55.0,5.99,4.4
2f2e0e67-fe7f-40f4-ab74-538578fa4658,cc3dc3f2-3fe1-41a1-82bd-243bedbe2bbc,shipped,2024-12-25 10:03:13.850219,65.39,55.0,5.99,4.4
86f85e88-2e05-40e4-8aa5-18bed288e216,cd912df9-b40f-45b6-83e5-eec85900e7a6,complete,2025-01-10 14:03:13.850219,84.24,78.0,0.0,6.24
6f1e2a6d-075d-4bdf-b41f-40ec1410386b,9685f9fc-1452-4c12-ad2a-45b6ae3fde7f,complete,2025-01-06 11:03:13.850219,91.8,85.0,0.0,6.8
e2018d97-a83d-48c8-ba6a-bb8a751a5714,858244b6-0b11-478d-8104-44a17d7cbe51,pending,2024-12-19 16:03:13.850219,76.19,65.0,5.99,5.2
0625a69b-648f-4e1e-96cc-439afe0672ad,bbdd025a-0bcd-48f5-8a52-0cc1691c4166,shipped,2025-01-11 15:03:13.850219,65.39,55.0,5.99,4.4
764596ff-9ffd-453d-8cca-cb298f6426e8,f8df7516-a64b-4e84-bc55-5e148f542e60,complete,2024-12-18 12:03:13.850219,213.84,198.0,0.0,15.84
3c8ed615-132d-4fa1-b842-6ee6b82ccd7f,8d31e8b8-948a-4c3b-aa93-8c403c1f2169,complete,2025-01-01 12:03:13.850219,210.6,195.0,0.0,15.6
df80cbe1-f722-4b20-a048-e7d4ef30dbf8,c4cddb6f-32d2-4e73-a391-2848992c331e,complete,2025-01-12 15:03:13.850219,65.39,55.0,5.99,4.4
49b78fba-c3d6-449a-b722-f500584c1f94,917a96ac-83ad-4ac3-a50d-4d1649030483,complete,2025-01-17 10:03:13.850219,76.19,65.0,5.99,5.2
0d527171-c23b-4a53-8d82-c7b44c1fb99d,aa9d4f0a-14fe-444d-ba78-d2e02dd2528e,complete,2024-12-31 12:03:13.850219,79.42999999999999,68.0,5.99,5.44
867c095e-a66d-4edf-b4e0-af5e10c9ca5d,7b3ff078-7a28-47d6-b8c2-c35609508aad,complete,2025-01-03 10:03:13.850219,76.19,65.0,5.99,5.2
13ad6ca5-99af-460f-98cb-02f57fbb5ada,76a8f1c3-abaa-4b2c-b7c4-e3bdb373c847,complete,2025-01-01 10:03:13.850219,76.19,65.0,5.99,5.2
84f727fd-d499-4729-a110-1234f8321709,7a05ac8f-a973-4c59-9b10-869d5e296f0a,complete,2024-12-18 10:03:13.850219,140.4,130.0,0.0,10.4
9f527de6-5f2f-4b1e-8bac-8c098c889543,4184c79b-8d69-44bf-8edd-554b0e58dfcd,complete,2025-01-04 15:03:13.850219,18.950000000000003,12.0,5.99,0.96
c02247f7-e291-4309-8e6f-1c0c1b6c3ebd,31ebd7a5-8b3e-4396-9884-5a41c7aa46a1,complete,2024-12-27 11:03:13.850219,65.39,55.0,5.99,4.4
36f16413-3e02-4d53-aed6-ea13e718f3bf,9f99a9d2-07fd-44e6-97fd-b8987e5d50cc,shipped,2024-12-23 15:03:13.850219,129.6,120.0,0.0,9.6
e22c687c-005e-4548-9f3d-dda52c2861a1,a4d6ddd2-a8cf-44f8-a329-bc75799cafce,complete,2024-12-31 14:03:13.850219,65.39,55.0,5.99,4.4
7821945b-d14e-4f73-9024-b6b493b8ffe6,f121ca6a-a44c-4914-9f2a-7ed1f2bc9dcd,complete,2025-01-17 16:03:13.850219,76.19,65.0,5.99,5.2
eb7ed78b-b9f2-42d5-9626-d980fa112eff,81ca7187-1410-4ff3-9203-bcfb074f7158,complete,2025-01-12 11:03:13.850219,65.39,55.0,5.99,4.4
c614c9e5-032c-4d06-be64-457a24214649,771e0368-13c2-4eb4-8edf-2281fdd27363,complete,2025-01-17 11:03:13.850219,59.99,50.0,5.99,4.0
419c3672-0ad9-4379-a787-eba2099b0341,986bc6f8-bed0-4a53-ae66-bead041f4759,complete,2025-01-04 14:03:13.850219,129.6,120.0,0.0,9.6
11acfe4a-5031-4028-a5fb-87e660bb4935,917e8734-be01-4c7c-9d9c-8ad968ff5c6b,complete,2024-12-20 16:03:13.850219,65.39,55.0,5.99,4.4
6a13f5d0-0666-42c8-a895-cc6f5e02bff6,1d749c2f-0158-4fca-8042-65509b626c07,shipped,2025-01-01 11:03:13.850219,140.4,130.0,0.0,10.4
0c9508db-fef6-4cf4-9fd8-b51461ad5398,1e4e207d-83ac-4ffb-818f-f8e93f5dc766,complete,2025-01-07 11:03:13.850219,189.0,175.0,0.0,14.0
415834f6-07d3-4a13-88c2-1c33974747fe,99e9c6e1-2eae-44af-81ed-2a1511bdeb41,shipped,2025-01-04 13:03:13.850219,118.8,110.0,0.0,8.8
6fe1f04f-ec63-444b-ba24-fecf0d32f99f,52bec80f-dfd4-4cd1-9dd4-de9808628dca,complete,2024-12-21 15:03:13.850219,32.99,25.0,5.99,2.0
01dee749-0b6f-4b3c-867a-ebb1cdf0b2ff,f2bb393c-61d6-4762-abfd-1eeb4949d78a,complete,2024-12-21 15:03:13.850219,65.39,55.0,5.99,4.4
103f3fab-65e1-4b1f-b20b-3c68571ae600,399180fc-2b5d-4d04-8180-a202f71cb27c,complete,2025-01-09 10:03:13.850219,84.24,78.0,0.0,6.24
f7e2d43c-6c1a-4141-a874-3908f62ed112,f49fc9a2-6a2d-4ee7-ab74-34492fd03cfc,complete,2025-01-13 16:03:13.850219,162.0,150.0,0.0,12.0
d021befd-7549-419d-99c5-f6bf14ef6770,0537aa75-1083-49c0-ad3c-7fb7c4d23bcf,shipped,2024-12-18 15:03:13.850219,186.84,173.0,0.0,13.84
1e3ddb34-7f8c-4215-99ad-f7babc4e7dbe,6df179fe-e8e0-42c0-8c06-2eb269bd4d39,shipped,2024-12-21 15:03:13.850219,95.04,88.0,0.0,7.04
6f7d4490-fc4f-4ddb-a27b-b540bc85f66e,2e247e06-b378-43cf-aaff-6e36cdb9775c,complete,2025-01-11 12:03:13.850219,76.19,65.0,5.99,5.2
523cf263-2d69-4b51-8319-053f7cd0c754,dc1df2ca-7a7f-49eb-90fd-fea74ced418b,complete,2025-01-14 00:03:13.850219,76.19,65.0,5.99,5.2
94aa34a3-4c07-474c-8bd7-2f528ccd1919,2bd624a2-8e73-47c1-b30e-e63d425434ab,complete,2024-12-21 11:03:13.850219,263.52,244.0,0.0,19.52
4481e09d-d09b-48b6-a3c5-10b2a5739902,b4bdd8d6-7c71-4577-b9eb-9aa0d6b7a00f,shipped,2024-12-18 00:03:13.850219,65.39,55.0,5.99,4.4
8f1f5719-39f1-48b1-9167-b9a1c75ca761,de589610-54a3-4777-a05c-908c8be132de,complete,2024-12-25 00:03:13.850219,76.19,65.0,5.99,5.2
a4601bdb-923b-43af-9519-d62c8ce1f9e8,d8a4fb38-65eb-4015-aa19-2c3d51b7b9c8,shipped,2024-12-31 12:03:13.850219,76.19,65.0,5.99,5.2
7e2ad142-3c1f-4025-ab3e-6e0048f03a55,c9de8c56-2411-4d7b-8fed-3fe32c918e03,complete,2025-01-10 14:03:13.850219,176.04,163.0,0.0,13.040000000000001
400f8a05-febe-4565-886b-665003495f5d,4fb7779b-2e9d-4b07-8f07-2239347c27da,complete,2024-12-31 16:03:13.850219,84.24,78.0,0.0,6.24
ccfacf75-d6c8-48c8-9020-4505ad859bfa,c61fe169-5e8a-415b-847c-26064f866623,complete,2025-01-16 14:03:13.850219,32.99,25.0,5.99,2.0
3bd74a06-c3b8-4e72-b9e5-6d26887536f1,06c68984-ddd1-4dab-b5c7-9c39eeb06f06,complete,2024-12-25 12:03:13.850219,224.64,208.0,0.0,16.64
52b03408-3a51-4bb7-8d6c-0d3edf39e439,cf1be23b-c8dd-4bee-9c8a-26ac9688c222,complete,2025-01-02 14:03:13.850219,76.19,65.0,5.99,5.2
f247b9d6-6e72-46e0-a02e-94947c35636e,fe6267bb-c99c-48ac-a2f7-8c25cac88bb6,complete,2024-12-20 16:03:13.850219,65.39,55.0,5.99,4.4
26555794-8561-48c7-be19-ba794eb9bea1,143d24aa-0ee0-4db9-aeae-e5b82eacdecf,complete,2025-01-15 10:03:13.850219,54.59,45.0,5.99,3.6
6715337f-c707-47b2-a5c1-82150fcd4e8a,16907226-51e3-4137-859d-45df5c4a2f87,complete,2024-12-26 10:03:13.850219,84.24,78.0,0.0,6.24
ac414826-91b0-44de-a53f-7a1cb2513f03,1779f47f-498f-4cd3-9ea8-857c6c1e4229,shipped,2025-01-09 15:03:13.850219,76.19,65.0,5.99,5.2
1fc09d5a-d38a-41ec-88d8-56f9c738c8ae,d65ad9f4-397e-4af4-9cb9-806761f9cf0a,complete,2024-12-18 15:03:13.850219,76.19,65.0,5.99,5.2
bcc3c608-2aac-4a31-ac89-f12ba96cd5a7,c5cdd6cd-ef2f-412b-be4c-ec6e26819e3c,shipped,2024-12-29 12:03:13.850219,32.99,25.0,5.99,2.0
ebe48be5-bb2b-4f21-82cd-83a715e090b6,229c2592-d092-468f-8cf0-021a2b9e3c88,complete,2024-12-20 16:03:13.850219,76.19,65.0,5.99,5.2
b302b842-5575-4d80-8708-cffba32f8404,8cb5a947-8bb0-4acf-bf34-2de38776aa2b,shipped,2025-01-15 12:03:13.850219,95.04,88.0,0.0,7.04
5aba5040-fa11-48ad-bbc7-27336987aa16,9aac9596-208c-40c7-9197-b4a4e9aca1e0,complete,2025-01-02 16:03:13.850219,79.42999999999999,68.0,5.99,5.44
299670e8-6bed-4b1d-93fa-fa610c2e5dc8,46ccb5d9-8f16-483a-97a1-adf103509238,complete,2025-01-14 11:03:13.850219,76.19,65.0,5.99,5.2
50f8b4a4-9543-4e10-80b8-4d3c47d13482,96b52ea2-2cf6-4b9f-adcd-fb5596541513,shipped,2025-01-07 11:03:13.850219,105.84,98.0,0.0,7.84
4b0da0aa-33fe-4286-af30-2bd7ce04bb2b,ea1aa903-04ea-48a2-8a3f-858faa6f2088,shipped,2025-01-09 10:03:13.850219,118.8,110.0,0.0,8.8
1c343f3e-3bd3-436d-96cc-d4a0be38fa26,60c0961d-6039-44dc-ba2e-ea1403e8fd5f,shipped,2024-12-26 10:03:13.850219,76.19,65.0,5.99,5.2
cc3749c9-a175-47f5-9e05-9e4daa522ded,0487b2f6-fc73-40d4-b499-a6cae8ce4b1e,complete,2024-12-21 13:03:13.850219,32.99,25.0,5.99,2.0
349568be-2d51-4456-bfaf-ea3796467f65,ac164178-6272-48b0-9fca-7d5d637b237f,pending,2025-01-10 15:03:13.850219,65.39,55.0,5.99,4.4
6cb9bcc2-6635-4d9e-82e9-461051674f34,dec1f9ab-d446-413d-873e-715862c2f120,shipped,2024-12-27 11:03:13.850219,162.0,150.0,0.0,12.0
95790759-54b2-4d75-b600-35b395b1dbbc,fe014cee-95fb-4afa-9fdb-59d60be41029,complete,2025-01-04 15:03:13.850219,76.19,65.0,5.99,5.2
a3759ddb-4ce3-44c4-a17c-360809c679b0,a38f4345-6439-4e85-9cc2-442b478e5567,shipped,2025-01-06 16:03:13.850219,105.84,98.0,0.0,7.84
425673fa-bc41-4252-a62f-31d0972695f0,05a845c9-9942-43ec-9f00-e35c832a504e,complete,2024-12-31 11:03:13.850219,84.24,78.0,0.0,6.24
b570e0fc-fa8a-4a7b-b2d1-978246563f13,0d1234ac-f12d-4906-b2b4-ee2128fb10d0,complete,2025-01-05 15:03:13.850219,108.0,100.0,0.0,8.0
b4e77684-e28d-4bd8-a1b2-85dda47434cd,5762a2b7-3e4a-41f3-af78-fa6e85781091,complete,2025-01-04 00:03:13.850219,84.24,78.0,0.0,6.24
254ccc78-7c01-475f-af81-cd7955a35270,680ca38c-c1bf-41b9-b8ca-28ab6b8bdc52,complete,2024-12-29 00:03:13.850219,76.19,65.0,5.99,5.2
6094f911-a9ab-4061-8126-07ae30e31b77,31c8e680-ded7-4cad-89d0-900741e39f71,shipped,2024-12-19 00:03:13.850219,95.04,88.0,0.0,7.04
f43b8d3d-f56a-44c2-b97b-fde651f906c0,a0af4715-b601-4651-b76b-516cbd0a1867,complete,2025-01-09 12:03:13.850219,154.44,143.0,0.0,11.44
3388951c-cb98-4755-b197-e793f82e5d6f,33c1e215-abce-4746-a0c7-99b76594ead3,complete,2024-12-19 10:03:13.850219,192.24,178.0,0.0,14.24
830051c9-d93b-457c-bc27-bde0bc4fa4eb,fc09b10d-b66e-445e-9a47-8c741c0d4817,complete,2025-01-13 14:03:13.850219,76.19,65.0,5.99,5.2
9e0fa0fb-f5b1-4a3f-a7f8-ca182c7d951c,c5195c63-0979-4c67-ac75-90a88f0e6e99,complete,2025-01-05 16:03:13.850219,140.4,130.0,0.0,10.4
35c66753-7b4f-4ce2-9601-07a44c934275,430387f7-19f7-4157-91c8-0cc8b940ad84,complete,2024-12-27 11:03:13.850219,140.4,130.0,0.0,10.4
8be90eb5-3e62-4fea-9561-26bca6ed7b45,868f2b52-f30a-46f8-a26b-07f1469ec1e0,complete,2025-01-10 15:03:13.850219,129.6,120.0,0.0,9.6
f234587f-bf8d-40d7-8de8-a1e45c97cd88,fbcd0fc2-149d-4e10-baaf-ce521df3410a,complete,2025-01-15 10:03:13.850219,76.19,65.0,5.99,5.2
97945217-995d-4cb3-a197-68654cfb0605,e997ddb3-5bcb-40f4-823d-0b75c3505e98,complete,2024-12-23 16:03:13.850219,162.0,150.0,0.0,12.0
31e8c901-467e-4ee7-90f9-184568d19f03,de657f20-a4ac-4c49-9c64-a658f2fc52d1,shipped,2024-12-30 10:03:13.850219,76.19,65.0,5.99,5.2
b7daa6bb-b21a-4b0c-b6de-e5d348b42781,00670e64-9cbd-4ef2-be75-cd4cfa2415a9,pending,2025-01-10 10:03:13.850219,84.24,78.0,0.0,6.24
87e360c9-2afe-438e-b47f-9feb8d259598,94a0baba-8b3c-4185-b32a-497df132fac6,complete,2025-01-03 00:03:13.850219,183.6,170.0,0.0,13.6
1171a868-5822-4848-bd5a-b9be6d69ab0c,c3cc3e8a-077e-42f0-99dc-9bd90d6fdf9e,shipped,2024-12-25 11:03:13.850219,76.19,65.0,5.99,5.2
fd02f45e-34ef-4f40-acbc-1a0cb6b0a08a,ef8371f1-4573-4d65-a3f0-f4ba3d812620,complete,2025-01-06 13:03:13.850219,76.19,65.0,5.99,5.2
6c9004e6-acc8-4aab-b3b5-7ff1a758a33a,a35c2b81-e5d1-40f1-92f0-b9980e4a6363,complete,2025-01-14 15:03:13.850219,79.42999999999999,68.0,5.99,5.44
09d1cbc0-6ada-483c-bef6-8470b0629cd0,4d3b88d3-005d-4b1a-964a-6ee12cefe1b6,complete,2025-01-06 12:03:13.850219,70.78999999999999,60.0,5.99,4.8
12625a4c-ce19-4b1a-9f4b-2aeca506682f,0b0a61ed-ab27-4f6d-8752-4ac75c5acdfe,complete,2025-01-12 10:03:13.850219,76.19,65.0,5.99,5.2
e78c5452-2bac-4874-a8b4-be76e54c1430,ad70cc15-3ca6-4103-8532-fdd6d9466a04,complete,2024-12-22 10:03:13.850219,65.39,55.0,5.99,4.4
c7900229-fed0-4947-b97b-7a5983aa7b7a,47226f83-7dbe-4364-9edb-4cfacbf4aea5,complete,2025-01-16 15:03:13.850219,59.99,50.0,5.99,4.0
384add7e-5e58-4218-a453-2ef449324bb3,5dfe0670-6ff7-4f46-a72e-0b3d235d757b,complete,2024-12-24 10:03:13.850219,76.19,65.0,5.99,5.2
f6a70db0-d464-4570-bf54-5d39e113f1d9,de6bbb24-8342-4ef2-951f-d5bcb63b5964,pending,2025-01-08 16:03:13.850219,105.84,98.0,0.0,7.84
ba7df72e-fe13-4efc-9bae-e14c39950b1e,7974d6d0-bf05-41f0-949f-e3f9edf4be89,complete,2025-01-06 14:03:13.850219,76.19,65.0,5.99,5.2
54a53fd1-5e96-40fe-9ead-2c832813a098,29290024-7cec-4400-8fd2-79cdebb5b115,complete,2025-01-16 11:03:13.850219,54.59,45.0,5.99,3.6
bca1753b-31a8-4c50-908a-47729ab768f6,c891e36b-7e7e-4ee2-ab18-5cd85ddd980a,complete,2025-01-12 15:03:13.850219,65.39,55.0,5.99,4.4
6677299b-8a73-4a54-ba3c-ec8fe1be8fc1,192be331-2d94-4b63-857f-bb3d4912dcb6,complete,2025-01-13 15:03:13.850219,143.64,133.0,0.0,10.64
02c5b24d-367d-470a-93f2-1dc9add9474e,1c32a55a-58be-45dc-88a5-89c9e9404e8e,complete,2024-12-30 13:03:13.850219,70.78999999999999,60.0,5.99,4.8
28cedb8f-d3c5-457a-bc1d-5f4dae270b71,c71a95fc-821a-4adc-9409-322eb5dbb10c,shipped,2025-01-07 11:03:13.850219,59.99,50.0,5.99,4.0
254189c2-e0d2-421e-a325-0568f515d6fe,c2b5cc5e-78a8-4a35-b105-40397090e794,complete,2025-01-17 15:03:13.850219,70.78999999999999,60.0,5.99,4.8
3e8fbc53-a6a2-4826-85f6-470b0bcb64dd,1df5ac88-e87f-45be-985f-161cfd84822e,complete,2025-01-12 00:03:13.850219,84.24,78.0,0.0,6.24
42e7c503-6087-439f-a7d2-fde997b71bbb,a9cb6377-186e-47ab-afe2-4b5b30954ffd,complete,2024-12-20 12:03:13.850219,76.19,65.0,5.99,5.2
f6fb92ad-8434-4006-8457-581582d3b266,891e9968-f2eb-4eff-931f-6b6c106b5065,complete,2024-12-25 11:03:13.850219,76.19,65.0,5.99,5.2
aa23592c-98d2-43c4-a12f-69b06c46bc88,ae17c0e4-5cfe-4cfd-b94d-e92bb05c01dd,complete,2024-12-25 15:03:13.850219,124.2,115.0,0.0,9.200000000000001
af29436b-e627-448c-84a8-915e913dd239,df6258ff-e76c-4e8b-b370-fbc549b6fedc,complete,2025-01-08 12:03:13.850219,154.44,143.0,0.0,11.44
d1e3fbc1-a1ff-4381-bfd9-408bcc80bbc8,ed84dcee-37e7-4e88-95eb-0925c00f2478,complete,2024-12-27 15:03:13.850219,76.19,65.0,5.99,5.2
561ab828-a903-452f-8fae-d83374e295fc,a9853224-13dc-40d6-bb57-74c22ca2614b,pending,2025-01-06 16:03:13.850219,65.39,55.0,5.99,4.4
00a96aad-4382-4e6e-a445-e77a82beed6c,2558f554-302c-431d-8f80-9fb5c27c86fa,shipped,2024-12-18 11:03:13.850219,34.61,26.5,5.99,2.12
d87f78f6-b351-485d-93a3-08496ddf3d69,2ada42b9-92d5-4d57-961a-9204a3fdefb0,shipped,2025-01-03 11:03:13.850219,65.39,55.0,5.99,4.4
b18d2dfe-4a89-4fd1-91cc-d7e981aec993,11483f62-89a2-4d21-8b7f-c0e15dca928b,complete,2025-01-12 10:03:13.850219,118.8,110.0,0.0,8.8
a0686d6f-1d4d-4211-8578-f26e07b6ae54,6ce1a991-d436-4b57-96ba-01847d2f5669,shipped,2024-12-19 13:03:13.850219,76.19,65.0,5.99,5.2
e74c5a70-8760-4c06-8877-c7e5af495e0e,aa023ef7-5b81-4818-8842-1d32f2a21ef9,complete,2024-12-18 14:03:13.850219,84.24,78.0,0.0,6.24
ca75bab6-2c65-4cc9-9341-a0f611c03991,8bf3b3a3-9fd8-4e81-89a1-4534bca0a596,complete,2024-12-23 10:03:13.850219,65.39,55.0,5.99,4.4
6936e77b-67f7-4bb1-96df-51fc996568cc,702d7067-cd32-4a13-be8b-dc76ecf1e06e,complete,2024-12-31 13:03:13.850219,65.39,55.0,5.99,4.4
03c228ab-8e51-413f-bef5-aa2aeff28f67,00a00712-4675-43df-8468-0ad3d16a560d,complete,2025-01-06 13:03:13.850219,76.19,65.0,5.99,5.2
19c99002-d777-439f-8467-32e675c45c78,683412f3-da3e-45bf-b25f-5d0202e0c0b5,pending,2024-12-29 15:03:13.850219,132.84,123.0,0.0,9.84
6c9c4ff1-0b5d-478d-a38f-47e5475e7278,36b33806-f003-455d-906c-e56651ad8091,complete,2025-01-01 16:03:13.850219,79.42999999999999,68.0,5.99,5.44
3166929a-9fe9-4def-acb1-cc15980f8841,e61cdb4d-ca4d-4412-a491-40bf898f8a88,pending,2024-12-18 12:03:13.850219,176.04,163.0,0.0,13.040000000000001
27f9ca6c-f5aa-4fb2-bc00-c2fc76c99770,a5b9b85d-b284-433d-ad2a-a92b8323d823,pending,2025-01-04 16:03:13.850219,79.42999999999999,68.0,5.99,5.44
72ad10b4-9842-4c27-8e88-0b7184edba27,8c57fd1d-9f67-486b-b2df-69c24e187615,complete,2025-01-04 11:03:13.850219,79.42999999999999,68.0,5.99,5.44
8f6fb9bc-a30a-4b83-9513-b4ead91f7fc7,6c441117-44e5-47d4-9af4-d85fa92a85d0,shipped,2024-12-31 16:03:13.850219,154.44,143.0,0.0,11.44
419c48b4-5160-4b2f-9e10-afcd4978ac5e,8ac23654-b530-4a90-8f10-aae046a109b5,complete,2025-01-01 00:03:13.850219,76.19,65.0,5.99,5.2
b6259274-6f67-4211-b451-584bc477fb6f,f3f343d1-8f22-4e28-bc00-bc51e929894c,pending,2025-01-13 12:03:13.850219,65.39,55.0,5.99,4.4
1db441f3-056c-4363-b26e-30a04cde0cb6,d7ff5193-532d-4666-a40b-42963db5a483,complete,2024-12-28 15:03:13.850219,76.19,65.0,5.99,5.2
7ecb5f8a-9b94-46bf-bfec-229f2b03772d,4eabca21-9638-454f-9d41-e53d1d2813d0,complete,2024-12-30 12:03:13.850219,76.19,65.0,5.99,5.2
317e4a23-3c9e-447b-808e-8e787ccbe2d9,022f8679-4e61-456a-a079-ed226b8c4f5c,complete,2025-01-03 15:03:13.850219,230.04,213.0,0.0,17.04
de7038a6-38dd-4452-88f6-019f070c9d6a,e1b16bd2-4712-4ceb-95af-23af207cde60,complete,2024-12-31 16:03:13.850219,118.8,110.0,0.0,8.8
d986f2ea-13b2-4540-9093-ba670b4acf54,59592fa9-70b5-427f-8977-71231a33cc89,shipped,2025-01-06 13:03:13.850219,76.19,65.0,5.99,5.2
57298863-e953-4baa-9fe6-8a6baf9452a4,5a574353-644f-47a0-9a0e-c0e27e1f4f64,complete,2024-12-18 14:03:13.850219,140.4,130.0,0.0,10.4
37e2211c-e104-4a4d-a712-36f540c34708,e707d704-5a4b-483d-abcd-ffb5dcf1f5eb,complete,2025-01-13 15:03:13.850219,76.19,65.0,5.99,5.2
55fdb1c5-2908-42c2-885d-75f79f42b351,6ab52948-d1e6-42bb-b08c-3b2f56e9dd7e,pending,2024-12-29 14:03:13.850219,172.8,160.0,0.0,12.8
a75871e1-7a31-4bb2-95be-92dc454a8a04,ca9fb127-01b7-46dc-ae6c-0c180775f371,complete,2025-01-03 11:03:13.850219,79.42999999999999,68.0,5.99,5.44
9f15766a-4eec-4235-8cac-160353df0e69,628302c2-a636-4939-8cc2-f6e73c6f4e91,complete,2025-01-01 12:03:13.850219,65.39,55.0,5.99,4.4
9320e1b3-adb7-4dfc-9ea2-2de2945bb3b2,a9dab27f-af4f-41bd-b6e9-a6b4024382f5,complete,2024-12-28 16:03:13.850219,84.24,78.0,0.0,6.24
3c0d66f5-b4ce-4001-9314-82e49a4a1050,76c4cadb-3ed5-4856-8101-07879f34cd12,complete,2024-12-24 13:03:13.850219,154.44,143.0,0.0,11.44
02431591-b1ea-4a49-b889-f603ce51cea2,cd38d9b8-ce3c-4b24-b537-9d75a4ef6e97,shipped,2025-01-13 13:03:13.850219,76.19,65.0,5.99,5.2
409ec5e5-e006-4cc6-a351-469a4da4e019,a53b22bb-c54d-4095-9c2a-bd5d59bd693e,shipped,2025-01-10 13:03:13.850219,59.99,50.0,5.99,4.0
78c3ed73-78a5-44b7-90be-7806973a6d56,0fe4e704-a11a-447c-86c4-9991a9ce4ca6,complete,2024-12-23 14:03:13.850219,192.24,178.0,0.0,14.24
318ed5b1-c0c7-433d-ae26-1311b2a90369,adc15e39-7582-4f97-bf0e-591d80dac470,pending,2024-12-28 00:03:13.850219,76.19,65.0,5.99,5.2
862cd3f0-eeb9-4717-ae7b-9f9e7e016025,fee8d4d7-6130-4cd0-a91d-7659ceb65c8d,complete,2025-01-11 12:03:13.850219,118.8,110.0,0.0,8.8
e5af92b5-621a-4d42-8bad-ebcb26b5d5d0,4f730a16-9740-4362-913c-46e8eba9ba37,complete,2024-12-18 16:03:13.850219,65.39,55.0,5.99,4.4
daed7ebb-2670-4a55-9983-6b419ee64051,48486731-7ed3-4509-9373-8f543f3933ee,complete,2024-12-25 10:03:13.850219,65.39,55.0,5.99,4.4
1ea7ee7e-416f-4cca-be75-3206d80c1330,63449e13-8901-42e3-a2ea-e0d07416c6fb,complete,2024-12-25 00:03:13.850219,76.19,65.0,5.99,5.2
e4a04fd4-d901-4a7c-b8cc-649c4efc3c1c,8675adde-afed-4703-bfd9-922ee2eac2cd,complete,2024-12-19 12:03:13.850219,135.0,125.0,0.0,10.0
bc99177b-d826-4faa-ae5c-03d0b555aac5,49883c72-230e-4408-b03f-5e3c5e91270e,complete,2024-12-18 10:03:13.850219,194.4,180.0,0.0,14.4
258c9776-6e2e-4922-a512-49403b421c24,1f6fcbfe-38ba-4df5-b583-2ccb2e8f9584,pending,2024-12-23 12:03:13.850219,76.19,65.0,5.99,5.2
eb317491-f382-4dfd-867a-c79b3de73153,a02f7133-85f2-4754-ac80-5afe056b870f,complete,2025-01-17 12:03:13.850219,154.44,143.0,0.0,11.44
5f46ae1f-7b57-4b51-bf90-9c52354a8281,3c50cc41-261c-420e-a731-7eca22608dc1,complete,2025-01-09 16:03:13.850219,65.39,55.0,5.99,4.4
fd57af54-8b18-4431-9141-8a624ab1728c,84d4ceb4-50ff-47df-8005-59e7d1f6ce19,complete,2024-12-26 15:03:13.850219,118.8,110.0,0.0,8.8
ad636cce-d2c9-4982-af98-e9b54b9c3e5f,563f2122-05ed-4c9a-ba05-6d1f9e63a99c,complete,2024-12-26 12:03:13.850219,84.24,78.0,0.0,6.24
9f067558-16e5-459c-b99c-c9bc48779e3b,e2537f80-6c5c-48f3-9588-98f6e43a35db,shipped,2024-12-31 10:03:13.850219,76.19,65.0,5.99,5.2
af557d15-2a03-47c3-81f0-bcb3fffbdb07,9297bd25-0f65-48f2-8d78-b7119fd9a20c,complete,2024-12-26 16:03:13.850219,105.84,98.0,0.0,7.84
07e9b885-b00e-440e-8411-ba730417c3e8,b6f90097-e541-49f6-8626-06f2b4ed303d,complete,2025-01-10 12:03:13.850219,181.44,168.0,0.0,13.44
9afe5899-1f29-4f8d-9186-fbe981c1259e,dad409dd-06a3-474b-a08a-760831b2800f,complete,2024-12-26 14:03:13.850219,65.39,55.0,5.99,4.4
a49af162-8b73-40bd-b7c9-b41c3074175f,8efb6f4a-d81f-45ab-af92-ffa63a197983,pending,2025-01-03 11:03:13.850219,129.6,120.0,0.0,9.6
c9ccd8bb-2744-4cc2-90c5-9d61c20a24b8,839bc7ac-7427-4ad0-9120-80d0ee7ab998,shipped,2024-12-31 14:03:13.850219,84.83,73.0,5.99,5.84
3e30c6ac-d3e8-4439-9c11-eeed175de404,e64e42ca-3c07-412f-9070-5c292bc38e3f,complete,2024-12-24 16:03:13.850219,70.78999999999999,60.0,5.99,4.8
78f6ecd7-0dc8-4a49-9cae-b49b12c50ebe,499c3fe0-c194-4286-aa80-896914bb30b7,complete,2024-12-30 14:03:13.850219,59.99,50.0,5.99,4.0
35b413ec-69cd-4527-a826-2d23a1f6e695,1c5c9027-00ad-4fe7-86b5-cc1e667ea956,complete,2025-01-03 15:03:13.850219,76.19,65.0,5.99,5.2
82b1999f-875e-471f-9ae2-dc8ea285db42,1d2c1deb-1f73-4f28-8eb3-4c160ed5f4dd,complete,2025-01-10 16:03:13.850219,76.19,65.0,5.99,5.2
0324223c-a541-4e64-8dca-57cb44239964,67254f58-f582-4004-87c9-8462e0d3b004,shipped,2025-01-07 15:03:13.850219,76.19,65.0,5.99,5.2
8b7b79ef-d20a-4dd8-b376-31b738c0664f,ad01a539-54c6-4b08-a64c-6740d483b81b,complete,2025-01-10 14:03:13.850219,76.19,65.0,5.99,5.2
ceb6e896-1e75-4b98-88c3-27bed26bb84b,024b3a37-d924-4f10-bee8-736d1aa619e0,complete,2024-12-22 14:03:13.850219,86.4,80.0,0.0,6.4
bef97f8a-377a-4764-9ab0-ad31a017df49,ed873e7b-ed4a-45a0-ab2d-6b2131e21ad9,complete,2024-12-30 14:03:13.850219,76.19,65.0,5.99,5.2
86c97e41-5b48-471e-9ed2-ed5369dac553,0f74e951-33c2-4f59-b7c5-e6e4754ae8c0,complete,2025-01-17 13:03:13.850219,86.4,80.0,0.0,6.4
12e46eec-8186-40dc-9c6f-1ebe59d13980,b0754590-3028-4e41-ba71-0c9f7ea7218c,complete,2025-01-13 12:03:13.850219,65.39,55.0,5.99,4.4
4ee00ab8-e092-4ce0-84ae-d7d7b163f2ea,f4bae0bc-5f43-4258-b24f-40b34ef08230,complete,2025-01-14 12:03:13.850219,108.0,100.0,0.0,8.0
75a85eea-25e7-4f14-aa02-98481b18cda6,d29f8642-a686-4cab-9b80-5071e1163269,complete,2025-01-08 14:03:13.850219,65.39,55.0,5.99,4.4
bfbeb7bd-db7d-4287-8d09-4737a105f2d2,fd8d608e-b6b0-4e01-af28-7f0374a2d58a,complete,2025-01-17 15:03:13.850219,76.19,65.0,5.99,5.2
b27477cb-b5be-48a8-92f5-501e29d93da6,6489b8ef-4378-475d-a988-1174c508753c,complete,2024-12-23 15:03:13.850219,84.24,78.0,0.0,6.24
8618be75-6827-4868-a2d3-937be6687224,4f2876cb-ff65-4e74-b456-050a680a5b45,shipped,2025-01-12 15:03:13.850219,224.64,208.0,0.0,16.64
5ad27b1d-3baf-4441-83cf-4bd348c5898b,229e1cc5-8363-4cf5-8bf9-d900dce936be,pending,2025-01-06 10:03:13.850219,54.59,45.0,5.99,3.6
023e9549-927c-4cf0-86d5-d3137acea549,204603d3-10ac-4c43-851c-09171b60de04,pending,2025-01-04 12:03:13.850219,76.19,65.0,5.99,5.2
2b4909e9-42b0-471b-ad58-a95b3125e457,a80ce88f-e552-4386-906a-1782265858dc,complete,2025-01-07 12:03:13.850219,79.42999999999999,68.0,5.99,5.44
a5a5e7df-d7d4-4ff5-a5c1-492ad38f62fe,62b8ab72-906b-4630-a930-70e7bc5dfb2d,complete,2025-01-07 16:03:13.850219,176.04,163.0,0.0,13.040000000000001
2929f515-00ad-41f0-ba73-a73581ea304d,aeb47a86-4266-4bb8-abb2-22da63759823,pending,2024-12-26 13:03:13.850219,65.39,55.0,5.99,4.4
c057639a-9c49-4c20-9020-e2fc858824b4,63836860-fda1-41c4-87b2-3c4659e70306,complete,2025-01-10 13:03:13.850219,65.39,55.0,5.99,4.4
8490fb91-545f-4a26-a0f8-d4f63e93ff49,d2e35889-fc85-41c8-a7ee-1267c05768ff,shipped,2025-01-08 10:03:13.850219,129.6,120.0,0.0,9.6
39679a33-d35c-461d-8826-460527fd16d0,982af1e3-ba6f-4110-829e-540381d172f7,complete,2025-01-10 12:03:13.850219,176.04,163.0,0.0,13.040000000000001
401c86ec-2658-4c86-ab8a-aeb774b6aa0b,3739fc1c-1e6c-4be8-b8f7-ba56e48a25f6,complete,2025-01-14 00:03:13.850219,54.59,45.0,5.99,3.6
5cf0816c-156c-4860-9c36-ec87f15f7e4a,94d6eddb-9020-436e-bce2-25aee6f36b2f,shipped,2024-12-22 13:03:13.850219,140.4,130.0,0.0,10.4
a0299974-0526-4050-9f5c-42e8a461664a,32b0bf3d-bcc2-42a5-a49b-cabb98608260,complete,2024-12-23 14:03:13.850219,76.19,65.0,5.99,5.2
da2ca35d-bc77-4dce-bb53-914f0b07ff2e,97ee2eee-a12c-4c8d-8611-786f885fac8c,complete,2025-01-16 14:03:13.850219,70.78999999999999,60.0,5.99,4.8
9bee8191-b611-45bc-a305-236794931ef1,d4fdf36c-e20e-47c6-b44c-bccb7a5aa162,complete,2024-12-19 11:03:13.850219,76.19,65.0,5.99,5.2
21dca0c2-35af-44ad-b038-ed7309190071,8fbca94b-2608-4aaf-874f-96f90c281e06,complete,2025-01-03 10:03:13.850219,190.08,176.0,0.0,14.08
cead2c48-374e-4799-9678-225da54ae8f0,0a1a2c56-f477-44e3-a3b9-5a14a396ccf7,complete,2025-01-03 12:03:13.850219,79.42999999999999,68.0,5.99,5.44
7b6a0d37-da32-4081-a35a-b3c660ab2dff,e9d8bad4-67df-4382-a3c8-e1c54fd80a03,complete,2024-12-29 16:03:13.850219,138.24,128.0,0.0,10.24
0f1b7e3b-1161-4e2c-8893-8395fb50e4d8,e2908f39-3de4-4588-9681-1ce632492404,complete,2025-01-04 14:03:13.850219,76.19,65.0,5.99,5.2
a1b2b855-92e6-4d1a-a68c-beb6147f634f,75bd2f99-40a3-4b6b-aba4-ca2fd5c62c6f,shipped,2025-01-07 00:03:13.850219,95.04,88.0,0.0,7.04
7ad43902-4713-447b-9f92-293969295aa5,1555776a-959d-4b0f-a181-3b97c5415eee,complete,2025-01-08 16:03:13.850219,113.4,105.0,0.0,8.4
e32e387e-3312-425f-b63a-e2884c1919d8,7afbe7d0-3156-4c7c-82b7-d1ee6a026531,complete,2025-01-14 16:03:13.850219,70.78999999999999,60.0,5.99,4.8
6795b1cc-e928-4868-909a-e034bd8a96fc,96d60fcb-141f-4c1d-9ff2-331041269eda,complete,2024-12-22 16:03:13.850219,79.42999999999999,68.0,5.99,5.44
af4132a9-8593-4891-9be9-08e1aec3b1f1,fa01c2f8-e3c0-457d-9c78-d965b86b40ed,complete,2024-12-31 13:03:13.850219,76.19,65.0,5.99,5.2
2adbcac4-91c4-41ef-b74a-2999a97fee1d,ccc423fd-8b0f-433d-8515-a1e0ee62d03f,shipped,2024-12-27 13:03:13.850219,76.19,65.0,5.99,5.2
af3f6699-21e1-4cec-8458-7a1b64230871,8ad3c9e6-6694-493f-acbb-6339d1072ed3,complete,2025-01-16 16:03:13.850219,190.08,176.0,0.0,14.08
ead2fd1a-33d1-4ed6-b967-cc02781b6b07,33bc3f9f-cc90-4cb2-82e6-4ca670b33596,shipped,2024-12-31 13:03:13.850219,235.44,218.0,0.0,17.44
a758ea52-4de0-4af2-b979-965a2fefb279,efb64315-2e23-4a99-8dfe-22fdafa33973,pending,2025-01-16 14:03:13.850219,54.59,45.0,5.99,3.6
9bb91cbc-d49d-402f-aee5-384ca55db21a,15b325fd-9b52-499f-8ec7-cc34e01a311c,complete,2025-01-13 12:03:13.850219,143.64,133.0,0.0,10.64
0c212de9-93f7-4572-9946-6e62c1f7e210,2d279c5c-c895-4c6d-8aa2-576f9e0050c1,complete,2025-01-17 10:03:13.850219,65.39,55.0,5.99,4.4
b9173bce-a9b0-4bc0-9f95-1a8ad0e2ea02,dd9a13d3-219c-42d6-ad70-9abfa35ff7ac,pending,2025-01-05 00:03:13.850219,129.6,120.0,0.0,9.6
72383791-9274-4cf0-89b5-68d89ffab0de,f5e5138b-f535-4de0-9790-151bdf3a8d59,complete,2024-12-25 13:03:13.850219,83.75,72.0,5.99,5.76
1b9d5035-db01-429b-96a3-0b15e84caa8e,f4fd8bca-f955-4da5-9bc0-2c3cc91ebb98,complete,2025-01-15 15:03:13.850219,129.6,120.0,0.0,9.6
1219536f-16e7-47d4-85e4-e6396ec34818,ec4af77e-f204-4b86-ba86-39d9d24879fe,complete,2025-01-14 12:03:13.850219,65.39,55.0,5.99,4.4
dc76c62a-48a7-44b3-8a5d-a238b3d8d991,48cc91ec-db53-4e4b-9a90-e1512ec6caef,complete,2025-01-02 14:03:13.850219,140.4,130.0,0.0,10.4
809b1dfc-c9e4-4f13-bcc3-9367b58cacf7,31c5a6d7-11fe-483e-bb77-f8d51614c8d9,shipped,2024-12-30 12:03:13.850219,76.19,65.0,5.99,5.2
e87b091e-75fc-4c22-863f-b8f21081953a,41320d64-226e-4387-814a-aca529cf9b02,complete,2024-12-27 10:03:13.850219,65.39,55.0,5.99,4.4
14b260cf-c1a3-4b17-8279-d1c8da622c09,f9b19b79-51aa-45e4-85e1-69c4f4060581,pending,2025-01-13 11:03:13.850219,76.19,65.0,5.99,5.2
806070c7-bde0-4191-a193-67575cd3b02d,94d5b735-6a25-4160-a52c-90656e6fa436,complete,2025-01-07 13:03:13.850219,32.99,25.0,5.99,2.0
a1cedbd8-66ae-4587-9d4a-c56964a7e96f,ca2418ac-6e93-492e-8571-28f1ece2a6f0,complete,2024-12-29 16:03:13.850219,32.99,25.0,5.99,2.0
1c306545-7ff2-4679-873a-38006fb1baa6,7d850337-c31c-40f1-8a7d-6cdd28cc21c0,complete,2024-12-27 12:03:13.850219,65.39,55.0,5.99,4.4
5731adcf-f761-4471-9394-6ecb6ccbcaeb,92819c7c-243a-444c-9bde-80a0d52055d0,pending,2025-01-04 13:03:13.850219,179.28,166.0,0.0,13.280000000000001
683eb60e-c0d3-4825-9967-971137e0d839,274c0a59-0b52-48fc-9fb7-7db69d11df73,complete,2024-12-29 14:03:13.850219,79.42999999999999,68.0,5.99,5.44
30d42e2f-2d9e-478c-987c-ebd49119259c,99ff48a0-e3fa-4459-a33e-b77bbb2ae4d5,complete,2024-12-30 15:03:13.850219,76.19,65.0,5.99,5.2
4b0e0764-1050-428e-bbea-d35def364a37,aa8e1414-728c-4233-9c85-82663ff93426,complete,2025-01-03 10:03:13.850219,183.6,170.0,0.0,13.6
549cc4e3-a8ec-4489-bd9c-d85aa6751112,c1c6bcd4-3bb9-497c-84bb-25a3ab840177,pending,2024-12-25 16:03:13.850219,95.04,88.0,0.0,7.04
2823ae61-8987-4744-aa33-cdf6b8f9a001,16b002d9-5af3-4c90-a76f-c1efb924bc12,complete,2024-12-23 14:03:13.850219,76.19,65.0,5.99,5.2
6b7febbb-eac9-426c-b148-ed707e081ff7,13e9074d-3f54-45ef-bcd1-35d19df84899,complete,2025-01-10 14:03:13.850219,54.59,45.0,5.99,3.6
8a16420e-c1e7-4005-8a6b-989577c4cc43,fb48355c-b201-4738-b55a-76e51de46e4f,pending,2025-01-11 14:03:13.850219,79.42999999999999,68.0,5.99,5.44
678c07b4-873e-4352-ba0c-6fd5dd2d18cc,14915692-a4fd-4fd9-9b39-20840dd4a5c3,shipped,2024-12-22 14:03:13.850219,84.24,78.0,0.0,6.24
5a8962de-e275-4758-bae6-be91d06e45d5,fe148c96-ae6d-4a2b-93b8-70fb023216b6,complete,2025-01-10 10:03:13.850219,129.6,120.0,0.0,9.6
588a3951-1041-4406-b982-26326b0eaa46,f3487f9a-4bbd-494e-b7ba-893ee6836be5,complete,2025-01-14 14:03:13.850219,118.8,110.0,0.0,8.8
85b8fec1-0e19-4acd-8c20-9419fecf121d,2361edb7-e9db-4d20-b1d1-01c908ae707c,complete,2025-01-16 16:03:13.850219,76.19,65.0,5.99,5.2
87310714-c2f1-4cad-99ac-bd7f0945e5ef,c738a083-7efa-4296-a2b2-c5f350b2593f,pending,2024-12-18 14:03:13.850219,63.230000000000004,53.0,5.99,4.24
4c8e15db-afd4-4dca-be68-74b7d37874bb,c340c158-ec08-4454-a649-7ae99be1d531,complete,2025-01-02 12:03:13.850219,79.42999999999999,68.0,5.99,5.44
985c08f4-a1f8-44a1-8562-71e86717507c,108d4afa-dfca-4a19-8dcb-da25956bde2a,shipped,2025-01-13 15:03:13.850219,70.78999999999999,60.0,5.99,4.8
cf7e51b0-a013-4627-b9f5-35c5c489c080,e97d8412-4334-4cbc-8110-dbcff1a7b6af,complete,2025-01-03 15:03:13.850219,76.19,65.0,5.99,5.2
8940a153-67a4-4216-8867-b769c03d12f0,935710e2-743c-49fe-9c3d-00f7571b0231,complete,2025-01-10 15:03:13.850219,199.8,185.0,0.0,14.8
ee020144-d647-4eb9-aca8-e616fbd85802,81ccc093-47c4-4dbc-92fd-9d2a13176562,complete,2025-01-08 15:03:13.850219,70.78999999999999,60.0,5.99,4.8
b71a3f51-9b6f-453b-9519-0cd8ce4c49d3,3c39e36b-bf73-4e40-9734-2c729dcba572,complete,2024-12-20 11:03:13.850219,65.39,55.0,5.99,4.4
f23e0a80-25b7-4182-b0cb-3306286059be,20b4a398-457e-4445-8030-624c51633778,complete,2025-01-15 11:03:13.850219,95.04,88.0,0.0,7.04
9463fe48-c68f-4e4d-8169-362b470b7279,595da20c-70ff-44bb-bfef-09a0205c3421,complete,2024-12-22 11:03:13.850219,76.19,65.0,5.99,5.2
07d25d2c-4846-4995-86ae-cd6cbe73f05e,e0ae3187-4bd4-4e4f-8e57-0bd0a619eca4,complete,2025-01-07 10:03:13.850219,154.44,143.0,0.0,11.44
8a4f8495-80b3-4920-b421-dea485dabff8,499ace5e-4d4d-4bd0-80bf-c038e39b2ada,complete,2024-12-27 14:03:13.850219,65.39,55.0,5.99,4.4
ce4b936c-a5a0-43a4-ade2-533a881d233a,9a0d8a1b-dbad-490e-a5d9-9781a6938e73,complete,2024-12-31 10:03:13.850219,54.59,45.0,5.99,3.6
dfb14425-b306-4690-aede-9b17475551ca,fd6c007e-827f-4660-9673-eae6de80e9bf,shipped,2025-01-14 11:03:13.850219,65.39,55.0,5.99,4.4
620ae8a1-53d8-4cc7-9fe0-751891df6cce,4c5dd767-a84c-4076-9277-6905037a7d76,shipped,2024-12-26 12:03:13.850219,76.19,65.0,5.99,5.2
60ac3853-6827-4d8d-aa46-6123a9ff0e24,e4554555-7263-4f1d-a7c6-d4b92b1cc923,complete,2024-12-27 13:03:13.850219,95.04,88.0,0.0,7.04
9ab54ed5-08f3-4e09-af59-ee62b2256324,25e23147-5356-4766-b751-25263ea994c6,shipped,2024-12-29 12:03:13.850219,129.6,120.0,0.0,9.6
3a8161ba-9c3e-4313-85f0-a26f1c6ec6bf,38d75882-e667-48d6-8dbb-65e8b32f9c75,shipped,2025-01-09 10:03:13.850219,140.4,130.0,0.0,10.4
0853a271-bece-416f-a280-9b20abee8249,9d014c2a-5877-4306-ad26-cebdc2fc96a9,shipped,2025-01-16 14:03:13.850219,59.99,50.0,5.99,4.0
cb07414a-d711-4e05-933f-5d4699b85cec,d5a176d6-eb9f-490d-9b58-e34eec28b4f5,pending,2024-12-18 14:03:13.850219,32.99,25.0,5.99,2.0
175222a5-fe9b-41d7-99c4-ef6c7c84d975,831f4210-79bc-4bbe-bec3-98f399b63d1f,complete,2025-01-01 13:03:13.850219,59.99,50.0,5.99,4.0
aa712450-9ad0-4799-aee6-3ae81b605eca,88b5fe5c-1fd0-4496-bd2d-76f2e9e12260,complete,2025-01-13 16:03:13.850219,79.42999999999999,68.0,5.99,5.44
8015ea75-2631-4b8b-8bf3-ef58c02b7c29,a79beeab-7fbf-47a3-a74a-53a9a419580a,complete,2025-01-17 16:03:13.850219,65.39,55.0,5.99,4.4
b7c66ff3-7299-4314-b42f-29a6a1f3f88a,c51d9557-1a67-44ee-9607-9a9f92070f6b,complete,2025-01-16 10:03:13.850219,167.4,155.0,0.0,12.4
191204ba-bd78-4bc7-86f5-faafba615d96,ec94fece-9186-453f-b76d-eb203bc68f93,complete,2024-12-30 12:03:13.850219,79.42999999999999,68.0,5.99,5.44
ea32babe-5eb6-400a-a69e-cd3bc723f4a1,dd012a15-49f9-43dd-9a3e-b6f98f579296,shipped,2025-01-13 15:03:13.850219,54.59,45.0,5.99,3.6
384e2bd7-d8dc-4975-b882-60b7ce95e8ac,9af611a5-ba6b-411b-94b4-150fa9619b8c,complete,2025-01-05 15:03:13.850219,132.84,123.0,0.0,9.84
a485b006-578d-4a48-adc0-590343840753,cf0bc0cd-db0d-4735-a698-353a153f5668,complete,2024-12-26 11:03:13.850219,97.2,90.0,0.0,7.2
d89bdc93-1759-47ec-905a-d6d6d3d8a19a,502ff525-ec7a-403f-86be-3c60dcc363ac,complete,2024-12-23 14:03:13.850219,79.42999999999999,68.0,5.99,5.44
9625ef02-8df5-4108-9e93-82589eb25754,f4514422-6b97-42d0-8dbe-791d76b62b32,complete,2025-01-02 16:03:13.850219,84.24,78.0,0.0,6.24
e78a72bc-892c-4901-8b47-dff740451430,6accd643-4e03-4396-ac5d-574c14d16ca3,shipped,2024-12-21 16:03:13.850219,76.19,65.0,5.99,5.2
4a706b40-7d77-4827-a06d-3efee4f6cdce,234742c5-4c64-46a4-8cdc-443a28a19471,complete,2024-12-31 13:03:13.850219,84.24,78.0,0.0,6.24
d3c63e44-a9c2-4105-9260-a7b1a346ea9b,07fcbf29-57a0-454f-b4a8-e025bcc15df1,complete,2025-01-05 13:03:13.850219,238.68,221.0,0.0,17.68
4099dfca-e37f-41d3-a523-36d80f3b8276,d5025e93-c1cb-48c3-a849-2233eac38f7a,complete,2025-01-13 14:03:13.850219,79.42999999999999,68.0,5.99,5.44
1645a97f-f9be-4cbc-8bd7-706bf81753a6,79475333-caaf-4d06-9f4f-c118a95dfb32,shipped,2025-01-15 13:03:13.850219,165.24,153.0,0.0,12.24
8011e90a-27e8-40f4-80a2-e3ba6700bc6b,5d69e087-a23a-4c1e-bee6-8b2c59028444,complete,2025-01-14 00:03:13.850219,105.84,98.0,0.0,7.84
6226c131-e7cc-401b-8abf-cd3ab533a4fb,896bb631-b4a3-4ed1-aee8-35aceca33934,complete,2025-01-02 15:03:13.850219,79.42999999999999,68.0,5.99,5.44
79fcd2dc-39ae-44bb-94e2-d7d13c3ca523,a30e8e23-119b-4741-ae87-78f6fcbba048,complete,2025-01-14 13:03:13.850219,65.39,55.0,5.99,4.4
04fccb3f-5ab8-4097-a8c1-5a7df1520d24,fd83f7c9-3ab4-4151-bc85-63e42d541f80,pending,2024-12-18 16:03:13.850219,84.24,78.0,0.0,6.24
7e3ec874-f914-42fc-95ae-1194035f8e85,086e8a38-ecad-47f3-b7b9-1a99135d72e0,complete,2025-01-14 15:03:13.850219,183.6,170.0,0.0,13.6
82145bfd-adfc-4cb2-ab91-50bd0ab2746b,31f447b6-4d6b-4027-b8e3-c35ded4c40c2,complete,2024-12-19 13:03:13.850219,203.04,188.0,0.0,15.040000000000001
41d1ccfc-dfa4-4c40-b244-3083fe9936a2,d0f65e99-dd5b-4f8a-9c1b-85a002dc9ff0,complete,2024-12-20 10:03:13.850219,100.44,93.0,0.0,7.44
7471e551-7f9a-4194-bbf9-572ac97fad5b,a1255df7-8485-4264-afa1-a29bb05b1eee,complete,2025-01-13 12:03:13.850219,135.0,125.0,0.0,10.0
6d706ed6-8701-405e-9b70-a5b6763014f2,e406bb87-7b93-4e78-9875-bb9ae3fc75dd,complete,2024-12-21 00:03:13.850219,217.08,201.0,0.0,16.080000000000002
aaee161b-fb0b-45f9-85af-663c3676982c,6c234785-7a1e-4f59-b735-3ae2ade8ff2d,complete,2025-01-16 10:03:13.850219,76.19,65.0,5.99,5.2
0b2393e8-9267-4607-a97c-24fa70f8b02a,c004e77d-7bde-4946-be57-fa0c4b8b72c7,shipped,2024-12-29 13:03:13.850219,102.6,95.0,0.0,7.6000000000000005
16b673f1-74cc-4506-9cc7-764292855ca4,e8ba63ce-db78-4f8d-8842-21124160b3d5,complete,2025-01-13 11:03:13.850219,65.39,55.0,5.99,4.4
5e3093b9-1ff6-4f70-b671-07063bf71cfc,f3551311-1b4a-48f5-9e00-48961666bf8f,pending,2025-01-08 14:03:13.850219,79.42999999999999,68.0,5.99,5.44
8931ec9a-669e-43c3-a15f-a5bf2db06de3,7bb0a93e-afca-41df-848e-e6686a012728,complete,2024-12-20 16:03:13.850219,76.19,65.0,5.99,5.2
775c176d-5ff3-4145-8108-f8731034f656,29533932-bd91-4288-8c77-5dcfce2ee3c1,shipped,2024-12-30 13:03:13.850219,189.0,175.0,0.0,14.0
6c4324f1-08a7-4c2f-b767-4e0e59be1023,dc0119af-d5e3-4eba-9c1d-0832c864ad24,complete,2025-01-03 00:03:13.850219,65.39,55.0,5.99,4.4
f55410da-c0b3-4301-8a85-fac45c5cd522,e831e484-9afc-41d9-8d82-329eba1790b0,complete,2025-01-08 00:03:13.850219,65.39,55.0,5.99,4.4
630d8489-ca8e-4f58-8173-69c1cf4fbcad,b9159222-9fe6-48f7-addf-c62e4565733d,complete,2025-01-05 11:03:13.850219,179.28,166.0,0.0,13.280000000000001
81a2590f-2992-42c9-abe3-97942e8ec1e0,2d1ad2de-8349-4c15-84f7-d1fa3334a2ae,complete,2024-12-24 16:03:13.850219,65.39,55.0,5.99,4.4
e7d5d34c-a407-4903-adbc-84552f2795b8,555c0a38-38ce-4371-a3b5-898be92e6a46,complete,2024-12-22 14:03:13.850219,65.39,55.0,5.99,4.4
d4af0b9e-24f1-4ae9-8d9a-19e87339df87,d03c59b8-1108-49b4-9087-d0114f34066f,shipped,2025-01-10 00:03:13.850219,76.19,65.0,5.99,5.2
88442076-2e00-49cf-93b5-d3af9904b192,9d912ad1-9909-4e58-883a-3fe095190bc1,complete,2025-01-12 12:03:13.850219,124.2,115.0,0.0,9.200000000000001
cf9e1129-3b95-4bf6-8740-ada7ad22457e,575d3822-1056-43fe-b789-21016f63e9d2,complete,2024-12-20 16:03:13.850219,105.84,98.0,0.0,7.84
871fbfa0-a96c-4011-a555-3ea3d9bd411a,ae4e44e9-da1c-4127-86f4-57fa8fddad42,complete,2025-01-02 16:03:13.850219,18.950000000000003,12.0,5.99,0.96
e05cdcb2-67f8-4581-80a5-573ae9c4314f,c83b0ac8-6a93-45d6-854a-b53b9b415691,complete,2025-01-02 10:03:13.850219,140.4,130.0,0.0,10.4
9bb15e4c-baa8-4297-aa5d-48e2c1bdb4b8,16132602-e089-4e12-8300-506c49546bc1,complete,2024-12-27 00:03:13.850219,76.19,65.0,5.99,5.2
2e3f91b6-ef8a-478f-939f-fe5e7c1f0853,867a955a-46f4-41da-8997-fd103a01dec7,complete,2025-01-09 16:03:13.850219,79.42999999999999,68.0,5.99,5.44
caf9d75f-15c9-4413-ada6-46877a0907f0,4359ad86-1224-45c4-a62f-947b09d0a089,complete,2025-01-07 11:03:13.850219,18.950000000000003,12.0,5.99,0.96
b71cbbf0-5fbe-4fee-93cb-9b0d3a7bab64,6851f3c9-9615-4d6c-a4c1-96023d891739,pending,2024-12-24 11:03:13.850219,70.78999999999999,60.0,5.99,4.8
54c4961f-4756-4a0a-898e-15b8d212d431,5be6ded9-bd82-43c7-bf62-e3e9fe740641,shipped,2024-12-18 16:03:13.850219,76.19,65.0,5.99,5.2
104b6830-91ba-4f1b-8de0-95bad7963035,cdc9cd1a-9b3f-46ee-abd8-7a294e8551ee,complete,2024-12-25 16:03:13.850219,70.78999999999999,60.0,5.99,4.8
5959985c-8622-4fee-ab00-e2c5f553d0ba,e26c0abe-5ed7-4637-bef0-ca7b26828e27,pending,2025-01-17 12:03:13.850219,70.78999999999999,60.0,5.99,4.8
71523834-b39a-4be9-a25f-cfd34b6f8a55,0c24bfc5-0d94-4963-b145-066b30395588,complete,2025-01-03 12:03:13.850219,76.19,65.0,5.99,5.2
44aca1e3-4679-4f8c-b506-cf1feabfab17,3e02709e-6f2d-437d-9b86-cb43cdd0e6ff,shipped,2024-12-27 15:03:13.850219,217.08,201.0,0.0,16.080000000000002
1a8c30cc-cd6d-4f71-a2ab-ce7b00158bc4,86d4ef92-522f-442a-bb5f-03b75d928bc3,shipped,2024-12-31 00:03:13.850219,76.19,65.0,5.99,5.2
16fe191e-12be-4ce1-8461-b8b0d0d1b113,0ca0240d-0ecb-4a51-b63b-e75624b14000,complete,2025-01-04 10:03:13.850219,65.39,55.0,5.99,4.4
9ba6b1d9-b297-4df4-b479-ad58b45065ba,c22cb8fb-266a-46fa-9bf8-a040667d31d7,complete,2025-01-12 14:03:13.850219,140.4,130.0,0.0,10.4
c30cd109-7850-4a2e-ab9e-c04cfc60a2fd,8febb83a-f29f-4176-be2d-2f964df93c5a,pending,2025-01-13 10:03:13.850219,118.8,110.0,0.0,8.8
330db776-c465-405d-ace9-a83dcf322c2e,cc27c06b-f4da-419f-a00c-0a5d319e85f3,complete,2025-01-09 00:03:13.850219,65.39,55.0,5.99,4.4
b64177f1-b256-4453-8d50-1b58dee0e5d7,9aa6da6d-d413-4def-9d0a-989f69772b7a,complete,2024-12-20 16:03:13.850219,165.24,153.0,0.0,12.24
88c6cf6d-6c4a-40bc-9ef6-9abda0610bd2,a4a24308-7ffd-4074-8425-f2992bced6ff,shipped,2024-12-27 10:03:13.850219,129.6,120.0,0.0,9.6
